120200101,1,-1,1,0
120200102,6,1,1,0
120200103,8,4,1,0
120200104,4,0,2,2
120200105,2,-1,2,6
120200106,3,-2,7,0
120200107,4,-3,4,0
120200108,1,-8,5,2
120200109,3,-10,3,0
120200110,8,3,2,1
120200111,12,2,1,55
120200112,2,-5,2,13
120200113,3,-5,2,0
120200114,4,-1,2,0
120200115,5,2,2,0
120200116,3,-10,4,0
120200117,-7,-14,1,0
120200118,3,-8,4,16
120200119,1,-10,14,0
120200120,-5,-13,14,1
120200121,-2,-8,14,0
120200122,1,-5,13,0
120200123,4,-3,13,1
120200124,4,1,12,21
120200125,4,2,5,8
120200126,4,1,2,1
120200127,2,1,1,0
120200128,3,-1,1,0
120200129,-1,-7,1,0
120200130,-1,-5,1,0
120200131,0,-3,1,0
120200201,1,-2,1,2
120200202,3,0,4,6
120200203,6,2,4,1
120200204,3,-4,1,0
120200205,-2,-7,1,1
120200206,-2,-5,4,8
120200207,-3,-8,8,1
120200208,-6,-13,8,1
120200209,2,-8,7,6
120200210,4,1,8,1
120200211,4,-1,6,0
120200212,2,-2,4,1
120200213,1,-15,6,2
120200214,-8,-19,5,1
120200215,1,-9,5,0
120200216,4,-2,5,0
120200217,0,-4,3,1
120200218,6,-1,9,9
120200219,0,-6,4,0
120200220,-4,-9,3,1
120200221,1,-9,4,0
120200222,6,-3,4,0
120200223,8,2,1,1
120200224,9,2,1,1
120200225,6,2,1,0
120200226,4,-3,1,12
120200227,-3,-5,13,3
120200228,-3,-9,8,1
120200229,-3,-13,7,1
120200301,5,-8,6,1
120200302,7,2,3,2
120200303,5,3,1,10
120200304,8,2,1,0
120200305,5,-1,1,1
120200306,4,-1,1,1
120200307,4,-5,2,1
120200308,11,1,2,1
120200309,17,8,1,0
120200310,12,0,1,3
120200311,4,-1,2,0
120200312,6,1,1,0
120200313,9,3,2,6
120200314,5,0,1,0
120200315,4,-2,1,1
120200316,4,-2,2,2
120200317,9,1,2,0
120200318,5,-1,0,2
120200319,7,3,1,2
120200320,16,-4,1,5
120200321,2,-8,1,1
120200322,2,-5,1,0
120200323,4,0,3,12
120200324,5,1,2,0
120200325,9,3,2,1
120200326,14,4,2,1
120200327,9,3,1,1
120200328,7,4,0,1
120200329,18,5,1,11
120200330,10,6,1,3
120200331,6,4,1,0
120200401,9,3,0,1
120200402,14,4,0,1
120200403,12,3,0,1
120200404,11,7,0,0
120200405,11,4,0,0
120200406,13,2,0,2
120200407,14,5,0,6
120200408,15,6,0,1
120200409,10,2,0,9
120200410,8,1,0,0
120200411,10,0,0,1
120200412,13,5,0,0
120200413,15,4,0,15
120200414,8,0,0,1
120200415,5,-1,0,1
120200416,5,-2,0,1
120200417,6,-1,0,1
120200418,11,-1,0,1
120200419,14,0,0,0
120200420,6,-1,0,1
120200421,8,-1,0,1
120200422,7,-2,0,1
120200423,6,0,0,1
120200424,11,6,0,1
120200425,13,3,0,1
120200426,12,7,0,0
120200427,14,5,0,1
120200428,11,7,0,1
120200429,14,8,0,1
120200430,13,9,0,8
120200501,16,9,0,1
120200502,15,7,0,2
120200503,22,9,0,1
120200504,11,4,0,1
120200505,9,2,0,1
120200506,12,5,0,1
120200507,14,3,0,1
120200508,6,-2,0,1
120200509,7,-2,0,1
120200510,10,2,0,0
120200511,8,1,0,4
120200512,9,0,0,1
120200513,13,0,0,2
120200514,11,7,0,2
120200515,19,9,0,5
120200516,17,10,0,1
120200517,15,10,0,1
120200518,16,11,0,8
120200519,18,12,0,0
120200520,18,12,0,0
120200521,20,10,0,1
120200522,24,11,0,1
120200523,24,14,0,1
120200524,25,16,0,0
120200525,30,18,0,1
120200526,32,18,0,2
120200527,29,20,0,0
120200528,24,18,0,7
120200529,24,13,0,3
120200530,19,9,0,1
120200531,17,8,0,1
120200601,24,10,0,2
120200602,23,14,0,6
120200603,28,14,0,3
120200604,29,16,0,0
120200605,26,17,0,5
120200606,25,15,0,0
120200607,22,13,0,0
120200608,23,12,0,1
120200609,31,16,0,0
120200610,30,17,0,16
120200611,25,17,0,0
120200612,19,11,0,1
120200613,18,10,0,1
120200614,18,10,0,1
120200615,21,12,0,1
120200616,24,12,0,1
120200617,27,15,0,1
120200618,29,17,0,1
120200619,29,19,0,1
120200620,31,20,0,1
120200621,30,20,0,0
120200622,31,21,0,1
120200623,25,19,0,5
120200624,23,17,0,1
120200625,26,14,0,1
120200626,31,17,0,1
120200627,30,18,0,0
120200628,30,18,0,1
120200629,30,20,0,1
120200630,27,20,0,1
120200701,29,19,0,1
120200702,36,23,0,1
120200703,33,22,0,1
120200704,31,21,0,1
120200705,33,19,0,1
120200706,30,23,0,1
120200707,34,22,0,1
120200708,33,22,0,15
120200709,34,24,0,0
120200710,32,23,0,0
120200711,30,21,0,5
120200712,28,19,0,1
120200713,27,19,0,1
120200714,27,18,0,1
120200715,29,20,0,1
120200716,25,23,0,5
120200717,31,21,0,0
120200718,32,21,0,1
120200719,30,22,0,12
120200720,31,19,0,0
120200721,27,17,0,1
120200722,26,21,0,22
120200723,28,20,0,0
120200724,28,19,0,1
120200725,30,19,0,1
120200726,34,21,0,1
120200727,33,23,0,3
120200728,32,20,0,1
120200729,30,19,0,2
120200730,29,18,0,1
120200731,29,20,0,1
120200801,29,20,0,5
120200802,26,20,0,40
120200803,26,18,0,23
120200804,24,18,0,12
120200805,25,15,0,0
120200806,24,14,0,0
120200807,26,16,0,0
120200808,28,17,0,1
120200809,29,20,0,0
120200810,30,19,0,0
120200811,30,18,0,0
120200812,30,16,0,0
120200813,30,21,0,0
120200814,29,21,0,0
120200815,27,20,0,0
120200816,25,19,0,0
120200817,27,17,0,6
120200818,25,15,0,0
120200819,24,14,0,0
120200820,26,14,0,0
120200821,30,18,0,1
120200822,30,21,0,0
120200823,31,20,0,0
120200824,33,22,0,1
120200825,28,18,0,0
120200826,22,15,0,8
120200827,30,19,0,0
120200828,24,18,0,0
120200829,27,17,0,0
120200830,23,16,0,0
120200831,24,16,0,0
120200901,28,20,0,1
120200902,28,19,0,3
120200903,27,16,0,0
120200904,24,15,0,1
120200905,22,13,0,0
120200906,22,12,0,0
120200907,24,17,0,5
120200908,17,15,0,0
120200909,19,15,0,0
120200910,21,14,0,0
120200911,17,12,0,1
120200912,21,12,0,0
120200913,26,16,0,9
120200914,18,10,0,0
120200915,19,9,0,0
120200916,23,14,0,0
120200917,19,10,0,0
120200918,16,8,0,0
120200919,14,7,0,1
120200920,17,9,0,1
120200921,19,9,0,1
120200922,21,10,0,0
120200923,27,13,0,1
120200924,24,14,0,4
120200925,23,16,0,0
120200926,25,14,0,1
120200927,25,19,0,1
120200928,26,15,0,6
120200929,19,13,0,6
120200930,19,11,0,8
120201001,18,10,0,1
120201002,15,7,0,0
120201003,13,5,0,0
120201004,12,8,0,2
120201005,15,8,0,1
120201006,17,9,0,0
120201007,19,10,0,2
120201008,13,7,0,2
120201009,17,6,0,0
120201010,22,10,0,0
120201011,11,7,0,0
120201012,16,8,0,1
120201013,18,11,0,6
120201014,16,8,0,1
120201015,16,9,0,9
120201016,12,5,0,0
120201017,14,5,0,1
120201018,14,7,0,2
120201019,8,7,0,5
120201020,11,6,0,2
120201021,17,9,0,6
120201022,13,9,0,2
120201023,23,9,0,3
120201024,9,4,0,0
120201025,7,3,0,0
120201026,9,4,0,2
120201027,9,3,0,0
120201028,9,3,0,0
120201029,11,3,0,0
120201030,3,-2,0,0
120201031,9,-3,0,0
120201101,12,1,0,7
120201102,8,-1,0,0
120201103,8,5,0,0
120201104,17,5,0,0
120201105,17,11,0,0
120201106,18,10,0,0
120201107,19,11,0,0
120201108,19,9,0,0
120201109,20,10,0,0
120201110,22,10,0,0
120201111,18,7,0,0
120201112,9,5,0,0
120201113,10,5,0,0
120201114,8,3,0,0
120201115,13,4,0,10
120201116,5,3,1,0
120201117,4,-5,1,0
120201118,4,-5,0,0
120201119,15,3,0,0
120201120,17,7,0,0
120201121,7,2,0,0
120201122,3,0,0,17
120201123,4,0,1,0
120201124,3,-1,0,2
120201125,8,2,0,6
120201126,12,7,0,1
120201127,8,6,0,0
120201128,8,4,0,0
120201129,10,3,0,0
120201130,7,0,0,23
120201201,0,-2,1,5
120201202,5,-1,1,0
120201203,6,1,0,0
120201204,5,1,0,6
120201205,3,-3,0,0
120201206,1,-5,0,0
120201207,1,-5,0,0
120201208,3,-5,0,0
120201209,5,0,2,7
120201210,6,3,0,0
120201211,10,3,0,0
120201212,9,4,0,9
120201213,7,0,0,0
120201214,3,-2,0,0
120201215,-2,-7,0,0
120201216,-5,-7,0,0
120201217,-3,-7,0,0
120201218,0,-7,0,0
120201219,3,0,0,2
120201220,5,2,0,1
120201221,5,0,0,0
120201222,4,1,0,0
120201223,8,2,0,1
120201224,10,-2,0,12
120201225,0,-5,4,5
120201226,-1,-5,4,1
120201227,5,-3,3,1
120201228,5,-2,0,3
120201229,-1,-4,0,0
120201230,6,-2,0,6
120201231,3,-1,0,0
120210101,3,-1,0,7
120210102,2,-1,0,11
120210103,2,0,0,2
120210104,2,0,0,0
120210105,2,1,0,0
120210106,2,0,0,0
120210107,1,-5,0,0
120210108,-1,-8,0,0
120210109,4,-2,0,0
120210110,2,-2,0,0
120210111,1,-3,0,0
120210112,0,-1,0,0
120210113,4,-1,0,0
120210114,5,2,0,0
120210115,6,3,0,3
120210116,5,0,0,0
120210117,5,-1,0,0
120210118,1,-2,0,0
120210119,2,-2,0,0
120210120,-1,-7,0,0
120210121,4,-1,0,0
120210122,3,-6,0,0
120210123,-4,-11,0,0
120210124,-2,-6,0,0
120210125,2,-2,0,0
120210126,1,-4,0,9
120210127,-3,-8,6,0
120210128,-7,-12,4,0
120210129,-7,-12,4,0
120210130,-2,-11,4,0
120210131,-4,-9,4,0
120210201,-2,-10,4,0
120210202,0,-8,3,0
120210203,1,-6,3,0
120210204,4,-4,3,1
120210205,3,-7,2,2
120210206,-5,-8,2,0
120210207,-5,-12,4,1
120210208,-6,-12,3,0
120210209,-2,-9,4,0
120210210,-4,-10,3,0
120210211,-3,-10,3,0
120210212,-8,-14,2,0
120210213,-9,-12,4,2
120210214,-3,-11,8,0
120210215,-3,-8,6,5
120210216,-6,-12,16,6
120210217,-3,-13,14,0
120210218,-3,-6,13,4
120210219,-2,-6,19,2
120210220,-1,-7,20,0
120210221,0,-9,18,0
120210222,4,0,20,8
120210223,5,0,16,1
120210224,9,1,14,0
120210225,2,-3,9,0
120210226,3,-4,8,0
120210227,6,1,7,7
120210228,7,1,6,1
120210301,7,-10,1,0
120210302,1,-13,1,0
120210303,8,-1,0,0
120210304,2,-7,0,0
120210305,2,-9,0,0
220200101,0,-3,0,0
220200102,6,-1,0,0
220200103,7,2,0,0
220200104,3,-1,2,2
220200105,1,-3,0,4
220200106,2,-5,4,0
220200107,4,-6,2,0
220200108,-1,-9,2,2
220200109,2,-12,1,0
220200110,8,1,0,2
220200111,12,2,0,59
220200112,2,-6,1,18
220200113,2,-5,0,0
220200114,3,0,0,0
220200115,4,1,0,0
220200116,2,-12,0,0
220200117,-8,-15,0,0
220200118,3,-8,6,14
220200119,0,-12,16,2
220200120,-5,-16,13,0
220200121,-3,-9,12,0
220200122,1,-8,11,0
220200123,2,-5,7,0
220200124,4,-2,4,19
220200125,4,2,1,9
220200126,3,1,0,1
220200127,1,0,0,0
220200128,2,-2,0,0
220200129,-2,-8,0,0
220200130,-2,-8,0,0
220200131,0,-4,0,1
220200201,1,-4,0,1
220200202,2,-2,2,4
220200203,6,0,2,0
220200204,2,-5,0,0
220200205,-3,-8,1,1
220200206,-4,-6,3,6
220200207,-4,-9,8,2
220200208,-7,-15,9,0
220200209,1,-11,5,8
220200210,3,0,11,0
220200211,2,-2,7,0
220200212,2,-5,3,0
220200213,0,-17,6,4
220200214,-9,-21,7,0
220200215,0,-12,3,0
220200216,3,-3,2,0
220200217,0,-6,1,0
220200218,5,-1,5,7
220200219,-1,-7,1,0
220200220,-4,-11,0,0
220200221,1,-11,0,0
220200222,6,-4,0,0
220200223,9,0,0,0
220200224,9,-1,0,0
220200225,5,0,1,2
220200226,3,-4,1,11
220200227,-4,-6,13,2
220200228,-4,-11,11,2
220200229,-4,-14,12,0
220200301,3,-11,11,0
220200302,7,1,2,0
220200303,4,0,0,9
220200304,6,1,0,0
220200305,6,-4,0,0
220200306,2,-2,0,2
220200307,4,-7,0,0
220200308,12,0,0,0
220200309,17,8,0,0
220200310,12,-2,0,4
220200311,4,-3,0,0
220200312,6,0,0,0
220200313,8,1,0,3
220200314,4,-1,0,0
220200315,4,-4,0,0
220200316,4,-5,0,1
220200317,9,-1,0,0
220200318,4,-3,0,1
220200319,7,2,0,3
220200320,18,-4,0,4
220200321,1,-8,0,0
220200322,1,-8,0,0
220200323,4,0,2,8
220200324,6,1,0,0
220200325,10,2,0,0
220200326,13,2,0,0
220200327,9,1,0,0
220200328,8,3,0,2
220200329,18,5,0,15
220200330,9,5,0,2
220200331,7,4,0,0
220200401,10,1,0,0
220200402,15,2,0,0
220200403,11,2,0,0
220200404,11,5,0,0
220200405,11,1,0,0
220200406,14,0,0,0
220200407,14,4,0,6
220200408,14,6,0,2
220200409,9,1,0,9
220200410,8,0,0,0
220200411,9,-2,0,0
220200412,14,4,0,1
220200413,15,2,0,13
220200414,7,-3,0,0
220200415,4,-5,0,0
220200416,5,-5,0,0
220200417,7,-3,0,0
220200418,11,-3,0,0
220200419,14,-2,0,0
220200420,7,-4,0,0
220200421,8,-2,0,1
220200422,6,-3,0,0
220200423,6,-2,0,0
220200424,10,4,0,0
220200425,14,-1,0,0
220200426,11,6,0,2
220200427,14,3,0,0
220200428,13,7,0,0
220200429,14,8,0,1
220200430,14,9,0,6
220200501,16,7,0,1
220200502,16,6,0,1
220200503,21,7,0,0
220200504,11,2,0,0
220200505,11,-1,0,0
220200506,13,3,0,0
220200507,14,1,0,0
220200508,5,-3,0,0
220200509,7,-5,0,0
220200510,8,-1,0,0
220200511,8,-2,0,7
220200512,9,-4,0,0
220200513,13,-3,0,0
220200514,13,6,0,3
220200515,19,8,0,3
220200516,17,8,0,0
220200517,16,7,0,2
220200518,15,11,0,11
220200519,17,12,0,0
220200520,19,10,0,0
220200521,21,8,0,0
220200522,24,10,0,0
220200523,25,13,0,0
220200524,26,15,0,0
220200525,30,18,0,0
220200526,31,16,0,0
220200527,28,19,0,0
220200528,23,18,0,7
220200529,26,11,0,6
220200530,19,8,0,0
220200531,16,7,0,0
220200601,24,8,0,0
220200602,27,13,0,10
220200603,27,13,0,5
220200604,30,16,0,0
220200605,28,17,0,3
220200606,26,14,0,0
220200607,21,11,0,0
220200608,23,10,0,0
220200609,32,16,0,0
220200610,32,17,0,24
220200611,24,15,0,0
220200612,18,9,0,0
220200613,19,8,0,0
220200614,18,8,0,0
220200615,21,9,0,0
220200616,24,10,0,0
220200617,28,13,0,0
220200618,29,15,0,0
220200619,30,18,0,0
220200620,31,19,0,0
220200621,31,19,0,0
220200622,30,20,0,0
220200623,26,18,0,4
220200624,23,15,0,0
220200625,27,11,0,0
220200626,30,15,0,0
220200627,29,19,0,3
220200628,29,17,0,0
220200629,32,19,0,0
220200630,28,19,0,0
220200701,30,19,0,0
220200702,36,21,0,0
220200703,32,22,0,0
220200704,32,20,0,0
220200705,34,19,0,0
220200706,31,21,0,0
220200707,34,22,0,0
220200708,35,22,0,6
220200709,34,23,0,0
220200710,32,21,0,17
220200711,28,20,0,21
220200712,28,18,0,0
220200713,25,18,0,1
220200714,27,17,0,0
220200715,28,18,0,0
220200716,26,22,0,3
220200717,31,20,0,0
220200718,33,20,0,0
220200719,31,22,0,9
220200720,30,18,0,0
220200721,26,15,0,0
220200722,27,20,0,10
220200723,28,18,0,0
220200724,28,18,0,0
220200725,30,18,0,0
220200726,34,20,0,0
220200727,33,22,0,1
220200728,31,18,0,0
220200729,31,20,0,1
220200730,28,17,0,0
220200731,29,18,0,0
220200801,30,19,0,4
220200802,28,20,0,37
220200803,25,17,0,27
220200804,25,18,0,10
220200805,24,14,0,0
220200806,24,13,0,0
220200807,26,15,0,0
220200808,27,16,0,0
220200809,31,20,0,0
220200810,32,22,0,0
220200811,29,16,0,0
220200812,30,15,0,0
220200813,29,19,0,0
220200814,29,21,0,0
220200815,28,17,0,0
220200816,26,19,0,1
220200817,27,15,0,5
220200818,25,14,0,1
220200819,24,11,0,0
220200820,28,11,0,0
220200821,31,17,0,0
220200822,31,19,0,0
220200823,32,18,0,0
220200824,33,20,0,0
220200825,28,17,0,0
220200826,21,14,0,4
220200827,30,18,0,0
220200828,24,17,0,0
220200829,27,16,0,2
220200830,24,14,0,0
220200831,25,15,0,0
220200901,28,19,0,10
220200902,28,18,0,2
220200903,29,15,0,2
220200904,23,12,0,0
220200905,21,12,0,0
220200906,22,9,0,0
220200907,25,16,0,5
220200908,17,14,0,0
220200909,19,14,0,0
220200910,20,13,0,0
220200911,18,12,0,0
220200912,21,10,0,0
220200913,26,14,0,4
220200914,18,7,0,0
220200915,20,5,0,0
220200916,25,14,0,0
220200917,19,8,0,0
220200918,16,5,0,0
220200919,14,3,0,0
220200920,17,9,0,0
220200921,20,4,0,0
220200922,22,7,0,0
220200923,28,12,0,0
220200924,25,12,0,2
220200925,24,14,0,0
220200926,26,12,0,0
220200927,27,20,0,0
220200928,27,15,0,8
220200929,19,13,0,2
220200930,19,10,0,5
220201001,18,8,0,0
220201002,16,6,0,0
220201003,13,3,0,4
220201004,11,6,0,3
220201005,15,7,0,0
220201006,20,8,0,0
220201007,19,9,0,3
220201008,17,5,0,1
220201009,18,3,0,0
220201010,22,8,0,0
220201011,12,5,0,0
220201012,16,8,0,0
220201013,18,10,0,8
220201014,17,6,0,0
220201015,17,7,0,12
220201016,12,3,0,0
220201017,14,3,0,0
220201018,14,6,0,2
220201019,8,6,0,9
220201020,12,6,0,1
220201021,17,7,0,5
220201022,12,9,0,2
220201023,25,8,0,3
220201024,8,3,0,0
220201025,6,2,0,0
220201026,8,2,0,2
220201027,7,2,0,5
220201028,12,2,0,0
220201029,11,2,0,2
220201030,2,-4,0,0
220201031,7,-5,0,0
220201101,11,0,1,4
220201102,7,-2,0,0
220201103,7,4,0,0
220201104,20,2,0,0
220201105,19,11,0,0
220201106,21,9,0,0
220201107,21,9,0,0
220201108,20,6,0,0
220201109,20,7,0,0
220201110,24,8,0,0
220201111,18,6,0,1
220201112,10,4,0,0
220201113,9,3,0,0
220201114,8,0,0,0
220201115,13,3,0,10
220201116,4,1,0,0
220201117,3,-5,0,1
220201118,2,-6,0,0
220201119,15,2,0,0
220201120,18,6,0,0
220201121,6,0,0,0
220201122,2,-1,7,19
220201123,4,-4,17,0
220201124,2,-2,11,1
220201125,8,1,8,7
220201126,12,7,0,1
220201127,8,5,0,0
220201128,7,2,0,0
220201129,11,1,0,0
220201130,6,-1,1,22
220201201,0,-2,9,8
220201202,4,-1,11,1
220201203,4,-2,5,0
220201204,3,0,0,4
220201205,2,-5,0,0
220201206,1,-6,0,0
220201207,1,-6,0,0
220201208,2,-7,0,0
220201209,4,0,4,4
220201210,6,1,0,0
220201211,9,1,0,0
220201212,9,3,0,8
220201213,5,-1,0,0
220201214,2,-3,0,0
220201215,-2,-8,0,0
220201216,-6,-9,0,1
220201217,-3,-8,2,1
220201218,-1,-10,0,0
220201219,3,-2,0,2
220201220,5,0,0,1
220201221,4,-1,0,0
220201222,3,-1,0,0
220201223,6,1,0,2
220201224,10,-3,1,12
220201225,0,-5,11,8
220201226,-3,-6,16,2
220201227,3,-4,15,1
220201228,4,-4,5,5
220201229,-1,-6,2,0
220201230,5,-4,4,3
220201231,2,-3,1,0
220210101,2,-4,1,8
220210102,1,-3,7,7
220210103,1,-1,4,2
220210104,1,-1,2,0
220210105,1,0,2,0
220210106,2,-1,2,0
220210107,-1,-7,2,0
220210108,-4,-9,2,0
220210109,3,-4,2,0
220210110,2,-6,2,0
220210111,0,-6,2,0
220210112,-1,-2,1,0
220210113,3,-1,1,0
220210114,5,-1,1,0
220210115,6,1,0,5
220210116,5,-3,0,0
220210117,4,-3,0,1
220210118,1,-5,0,0
220210119,-1,-6,0,1
220210120,-2,-8,0,0
220210121,3,-2,0,0
220210122,1,-8,0,0
220210123,-5,-13,0,0
220210124,-3,-7,0,0
220210125,2,-4,0,0
220210126,-1,-5,6,7
220210127,-3,-10,8,0
220210128,-8,-14,6,0
220210129,-7,-15,5,0
220210130,-2,-14,0,0
220210131,-5,-11,5,0
220210201,-4,-11,4,0
220210202,-1,-10,3,0
220210203,1,-6,2,0
220210204,4,-7,2,1
220210205,2,-8,2,5
220210206,-6,-9,1,0
220210207,-6,-13,2,1
220210208,-7,-13,1,0
220210209,-3,-11,2,1
220210210,-5,-13,1,0
220210211,-5,-11,1,0
220210212,-8,-14,1,2
220210213,-9,-14,2,2
220210214,-4,-15,6,0
220210215,-4,-10,2,3
220210216,-7,-15,12,9
220210217,-5,-11,12,0
220210218,-5,-11,10,0
220210219,-3,-7,18,8
220210220,-2,-11,16,0
220210221,-2,-12,12,0
220210222,3,-2,14,5
220210223,4,-1,10,0
220210224,8,-1,6,0
220210225,1,-4,1,0
220210226,4,-7,0,0
220210227,6,-1,0,6
220210228,7,-2,0,1
220210301,5,-10,0,0
220210302,0,-14,0,0
220210303,7,-3,0,0
220210304,1,-8,0,0
220210305,2,-10,0,0
320200101,0,-3,0,0
320200102,6,-1,0,0
320200103,6,1,0,0
320200104,2,-2,0,0
320200105,1,-3,0,0
320200106,1,-4,0,0
320200107,3,-8,0,0
320200108,-1,-10,0,0
320200109,2,-15,0,0
320200110,7,1,0,0
320200111,12,1,0,0
320200112,1,-7,0,0
320200113,1,-7,0,0
320200114,3,-2,0,0
320200115,3,0,0,0
320200116,0,-13,0,0
320200117,-9,-16,0,0
320200118,2,-10,0,0
320200119,0,-13,0,0
320200120,-5,-17,0,0
320200121,-3,-15,0,0
320200122,1,-7,0,0
320200123,3,-9,0,0
320200124,4,-2,0,0
320200125,2,1,0,0
320200126,3,0,0,0
320200127,1,-1,0,0
320200128,0,-4,0,0
320200129,-4,-10,0,0
320200130,-3,-10,0,0
320200131,-1,-5,0,0
320200201,0,-4,0,0
320200202,1,-2,0,0
320200203,5,-2,0,0
320200204,2,-5,0,0
320200205,-4,-9,0,0
320200206,-4,-6,0,0
320200207,-4,-12,0,0
320200208,-9,-17,0,0
320200209,0,-14,0,0
320200210,3,-1,0,0
320200211,2,-2,0,0
320200212,2,-4,0,0
320200213,-1,-19,0,0
320200214,-10,-22,0,0
320200215,0,-12,0,0
320200216,3,-4,0,0
320200217,-1,-7,0,0
320200218,5,-2,0,0
320200219,-1,-8,0,0
320200220,-6,-11,0,0
320200221,0,-11,0,0
320200222,5,-5,0,0
320200223,7,-4,0,0
320200224,9,1,0,0
320200225,4,0,0,0
320200226,2,-4,0,0
320200227,-3,-6,0,0
320200228,-4,-12,0,0
320200229,-5,-16,0,0
320200301,2,-15,0,0
320200302,6,-2,0,0
320200303,3,-1,0,0
320200304,5,1,0,0
320200305,6,-2,0,0
320200306,3,-3,0,0
320200307,4,-8,0,0
320200308,12,0,0,0
320200309,17,8,0,0
320200310,11,-2,0,0
320200311,3,-4,0,0
320200312,6,-2,0,0
320200313,8,2,0,0
320200314,3,-2,0,0
320200315,3,-5,0,0
320200316,3,-6,0,0
320200317,7,-2,0,0
320200318,3,-5,0,0
320200319,7,3,0,0
320200320,18,-5,0,0
320200321,0,-10,0,0
320200322,0,-7,0,0
320200323,2,0,0,0
320200324,6,-1,0,0
320200325,10,0,0,0
320200326,12,0,0,0
320200327,11,1,0,0
320200328,10,1,0,0
320200329,17,5,0,0
320200330,9,4,0,0
320200331,6,4,0,0
320200401,11,0,0,0
320200402,12,1,0,0
320200403,10,1,0,0
320200404,11,5,0,0
320200405,9,1,0,0
320200406,15,0,0,0
320200407,15,3,0,0
320200408,13,5,0,0
320200409,8,1,0,0
320200410,6,0,0,0
320200411,9,-1,0,0
320200412,12,2,0,0
320200413,14,2,0,0
320200414,7,-1,0,0
320200415,4,-3,0,0
320200416,4,-4,0,0
320200417,6,-2,0,0
320200418,10,-4,0,0
320200419,12,-1,0,0
320200420,7,-4,0,0
320200421,7,-2,0,0
320200422,5,-3,0,0
320200423,6,-5,0,0
320200424,10,2,0,0
320200425,14,0,0,0
320200426,12,6,0,0
320200427,16,3,0,0
320200428,12,5,0,0
320200429,14,8,0,0
320200430,14,9,0,0
320200501,15,7,0,0
320200502,18,5,0,0
320200503,21,7,0,0
320200504,9,2,0,0
320200505,11,-1,0,0
320200506,14,2,0,0
320200507,12,1,0,0
320200508,5,-3,0,0
320200509,5,-4,0,0
320200510,6,0,0,0
320200511,7,-1,0,0
320200512,8,-2,0,0
320200513,14,-2,0,0
320200514,12,4,0,0
320200515,17,9,0,0
320200516,18,8,0,0
320200517,17,6,0,0
320200518,15,11,0,0
320200519,18,12,0,0
320200520,19,9,0,0
320200521,21,6,0,0
320200522,26,9,0,0
320200523,26,12,0,0
320200524,26,16,0,0
320200525,31,18,0,0
320200526,32,17,0,0
320200527,29,18,0,0
320200528,24,18,0,0
320200529,24,13,0,0
320200530,18,7,0,0
320200531,15,7,0,0
320200601,23,8,0,0
320200602,24,14,0,0
320200603,26,13,0,0
320200604,31,16,0,0
320200605,28,15,0,0
320200606,24,13,0,0
320200607,20,11,0,0
320200608,25,10,0,0
320200609,34,14,0,0
320200610,31,17,0,0
320200611,24,16,0,0
320200612,18,9,0,0
320200613,19,8,0,0
320200614,19,7,0,0
320200615,21,8,0,0
320200616,24,10,0,0
320200617,28,11,0,0
320200618,29,14,0,0
320200619,30,18,0,0
320200620,32,18,0,0
320200621,32,19,0,0
320200622,30,19,0,0
320200623,25,18,0,0
320200624,22,15,0,0
320200625,26,13,0,0
320200626,29,16,0,0
320200627,29,19,0,0
320200628,28,17,0,0
320200629,31,18,0,0
320200630,28,18,0,0
320200701,31,17,0,0
320200702,34,21,0,0
320200703,31,22,0,0
320200704,31,20,0,0
320200705,32,17,0,0
320200706,30,19,0,0
320200707,34,19,0,0
320200708,33,23,0,0
320200709,35,21,0,0
320200710,33,22,0,0
320200711,27,21,0,0
320200712,26,18,0,0
320200713,24,18,0,0
320200714,27,17,0,0
320200715,29,17,0,0
320200716,26,20,0,0
320200717,31,20,0,0
320200718,33,20,0,0
320200719,30,21,0,0
320200720,29,17,0,0
320200721,27,15,0,0
320200722,26,18,0,0
320200723,27,18,0,0
320200724,29,17,0,0
320200725,30,17,0,0
320200726,33,21,0,0
320200727,31,20,0,0
320200728,29,18,0,0
320200729,30,19,0,0
320200730,28,17,0,0
320200731,29,18,0,0
320200801,30,18,0,0
320200802,27,19,0,0
320200803,24,18,0,0
320200804,25,17,0,0
320200805,23,12,0,0
320200806,25,12,0,0
320200807,26,13,0,0
320200808,28,15,0,0
320200809,30,20,0,0
320200810,33,23,0,0
320200811,28,17,0,0
320200812,30,14,0,0
320200813,30,18,0,0
320200814,29,18,0,0
320200815,28,14,0,0
320200816,24,16,0,0
320200817,27,15,0,0
320200818,24,14,0,0
320200819,23,12,0,0
320200820,27,10,0,0
320200821,30,18,0,0
320200822,31,19,0,0
320200823,33,17,0,0
320200824,32,19,0,0
320200825,26,15,0,0
320200826,22,11,0,0
320200827,30,19,0,0
320200828,24,16,0,0
320200829,26,16,0,0
320200830,22,14,0,0
320200831,24,13,0,0
320200901,28,19,0,0
320200902,28,16,0,0
320200903,28,13,0,0
320200904,22,13,0,0
320200905,21,12,0,0
320200906,22,8,0,0
320200907,25,14,0,0
320200908,15,13,0,0
320200909,18,13,0,0
320200910,19,12,0,0
320200911,19,8,0,0
320200912,20,8,0,0
320200913,25,14,0,0
320200914,17,6,0,0
320200915,19,5,0,0
320200916,25,13,0,0
320200917,19,8,0,0
320200918,15,4,0,0
320200919,15,2,0,0
320200920,16,5,0,0
320200921,20,4,0,0
320200922,22,6,0,0
320200923,27,12,0,0
320200924,26,9,0,0
320200925,26,13,0,0
320200926,26,13,0,0
320200927,26,19,0,0
320200928,26,15,0,0
320200929,19,13,0,0
320200930,18,10,0,0
320201001,17,9,0,0
320201002,15,5,0,0
320201003,14,3,0,0
320201004,11,5,0,0
320201005,16,8,0,0
320201006,19,5,0,0
320201007,18,10,0,0
320201008,14,4,0,0
320201009,17,2,0,0
320201010,22,7,0,0
320201011,12,3,0,0
320201012,16,6,0,0
320201013,18,10,0,0
320201014,17,7,0,0
320201015,16,8,0,0
320201016,12,3,0,0
320201017,13,0,0,0
320201018,13,6,0,0
320201019,8,6,0,0
320201020,11,5,0,0
320201021,17,6,0,0
320201022,12,8,0,0
320201023,24,8,0,0
320201024,8,2,0,0
320201025,7,1,0,0
320201026,8,3,0,0
320201027,6,2,0,0
320201028,11,2,0,0
320201029,10,2,0,0
320201030,2,-4,0,0
320201031,6,-7,0,0
320201101,11,-1,0,0
320201102,7,-3,0,0
320201103,7,3,0,0
320201104,18,0,0,0
320201105,18,10,0,0
320201106,21,4,0,0
320201107,21,8,0,0
320201108,22,4,0,0
320201109,21,7,0,0
320201110,24,7,0,0
320201111,18,5,0,0
320201112,10,1,0,0
320201113,8,1,0,0
320201114,8,2,0,0
320201115,12,4,0,0
320201116,4,2,0,0
320201117,3,-6,0,0
320201118,1,-7,0,0
320201119,15,1,0,0
320201120,17,6,0,0
320201121,6,1,0,0
320201122,1,-2,0,0
320201123,3,-1,0,0
320201124,1,-2,0,0
320201125,6,1,0,0
320201126,11,6,0,0
320201127,8,5,0,0
320201128,7,3,0,0
320201129,11,0,0,0
320201130,5,-1,0,0
320201201,-1,-3,0,0
320201202,4,-2,0,0
320201203,4,-1,0,0
320201204,3,0,0,0
320201205,1,-5,0,0
320201206,0,-6,0,0
320201207,-2,-6,0,0
320201208,1,-8,0,0
320201209,4,0,0,0
320201210,5,-2,0,0
320201211,8,-2,0,0
320201212,8,2,0,0
320201213,6,-1,0,0
320201214,2,-3,0,0
320201215,-3,-9,0,0
320201216,-7,-10,0,0
320201217,-3,-9,0,0
320201218,-1,-11,0,0
320201219,2,-6,0,0
320201220,4,1,0,0
320201221,4,-2,0,0
320201222,2,0,0,0
320201223,6,0,0,0
320201224,9,-2,0,0
320201225,-1,-5,0,0
320201226,-3,-5,0,0
320201227,2,-3,0,0
320201228,4,-4,0,0
320201229,-2,-6,0,0
320201230,5,-5,0,0
320201231,1,-4,0,0
320210101,1,-6,0,0
320210102,1,-2,0,0
320210103,1,-2,0,0
320210104,0,-2,0,0
320210105,0,-1,0,0
320210106,1,-2,0,0
320210107,-1,-8,0,0
320210108,-4,-10,0,0
320210109,2,-5,0,0
320210110,1,-6,0,0
320210111,0,-6,0,0
320210112,-1,-2,0,0
320210113,3,-1,0,0
320210114,4,1,0,0
320210115,4,2,0,0
320210116,4,-1,0,0
320210117,2,-3,0,0
320210118,0,-4,0,0
320210119,1,-4,0,0
320210120,-2,-9,0,0
320210121,3,-2,0,0
320210122,1,-9,0,0
320210123,-6,-13,0,0
320210124,-3,-9,0,0
320210125,2,-5,0,0
320210126,-2,-6,0,0
320210127,-4,-11,0,0
320210128,-8,-15,0,0
320210129,-9,-14,0,0
320210130,-3,-15,0,0
320210131,-6,-13,0,0
320210201,-4,-12,0,0
320210202,-1,-10,0,0
320210203,-1,-9,0,0
320210204,5,-8,0,0
320210205,2,-8,0,0
320210206,-6,-9,0,0
320210207,-6,-13,0,0
320210208,-7,-14,0,0
320210209,-3,-11,0,0
320210210,-5,-12,0,0
320210211,-5,-12,0,0
320210212,-9,-15,0,0
320210213,-10,-14,0,0
320210214,-4,-14,0,0
320210215,-5,-10,0,0
320210216,-8,-14,0,0
320210217,-4,-18,0,0
320210218,-4,-9,0,0
320210219,-3,-7,0,0
320210220,-2,-11,0,0
320210221,-2,-13,0,0
320210222,3,-2,0,0
320210223,5,-1,0,0
320210224,8,-4,0,0
320210225,6,-5,0,0
320210226,3,-6,0,0
320210227,6,-2,0,0
320210228,5,-3,0,0
320210301,5,-13,0,0
320210302,0,-15,0,0
320210303,7,-1,0,0
320210304,0,-9,0,0
320210305,1,-11,0,0
620200101,1,-2,17,0
620200102,5,-5,21,0
620200103,6,2,17,0
620200104,2,-3,14,2
620200105,-3,-13,17,0
620200106,-6,-11,16,3
620200107,0,-7,17,0
620200108,-2,-15,17,1
620200109,-10,-18,15,0
620200110,4,-10,15,0
620200111,8,-2,12,39
620200112,-2,-11,13,10
620200113,-6,-11,13,0
620200114,-5,-9,13,0
620200115,0,-6,13,1
620200116,-1,-17,17,4
620200117,-16,-20,13,0
620200118,-13,-17,13,6
620200119,-9,-14,21,2
620200120,-10,-19,20,0
620200121,-4,-18,20,0
620200122,1,-8,20,0
620200123,2,-6,20,0
620200124,2,-5,21,0
620200125,0,-2,20,15
620200126,2,0,26,12
620200127,2,-1,25,0
620200128,-1,-8,25,2
620200129,-7,-15,25,0
620200130,-5,-16,25,0
620200131,-6,-16,25,0
620200201,-1,-12,25,0
620200202,-2,-7,27,2
620200203,4,-7,28,0
620200204,2,-6,27,0
620200205,-3,-12,26,0
620200206,-5,-10,26,5
620200207,-5,-15,35,8
620200208,-15,-25,36,0
620200209,-9,-26,35,2
620200210,1,-13,42,4
620200211,0,-9,41,0
620200212,2,-6,40,0
620200213,0,-20,38,1
620200214,-16,-25,38,0
620200215,-3,-17,38,0
620200216,4,-5,38,0
620200217,-5,-15,35,0
620200218,5,-13,36,3
620200219,1,-13,39,0
620200220,-12,-20,39,0
620200221,0,-21,38,0
620200222,4,-4,38,0
620200223,6,-8,37,0
620200224,10,-4,35,0
620200225,6,1,34,0
620200226,1,-2,33,5
620200227,1,-10,37,21
620200228,-8,-13,41,0
620200229,-9,-16,41,0
620200301,-4,-16,41,2
620200302,4,-7,41,3
620200303,5,-8,41,13
620200304,5,0,38,0
620200305,3,-3,36,0
620200306,0,-5,39,5
620200307,0,-11,40,0
620200308,7,-3,39,0
620200309,12,3,36,2
620200310,7,-4,34,6
620200311,1,-7,30,0
620200312,3,-3,30,0
620200313,8,0,29,10
620200314,5,-3,21,0
620200315,-2,-9,21,0
620200316,-1,-10,19,0
620200317,6,-4,21,7
620200318,5,-4,17,0
620200319,4,0,17,0
620200320,14,-6,13,7
620200321,-4,-11,11,0
620200322,-1,-9,11,0
620200323,0,-6,11,4
620200324,4,-3,10,0
620200325,5,-3,12,0
620200326,10,1,11,4
620200327,8,-2,9,0
620200328,7,-3,5,0
620200329,5,3,4,21
620200330,8,2,3,4
620200331,9,-1,4,1
620200401,8,-1,3,0
620200402,10,1,3,0
620200403,10,4,2,1
620200404,14,3,2,0
620200405,11,1,2,0
620200406,14,-2,2,0
620200407,13,1,3,0
620200408,8,2,0,0
620200409,7,1,0,11
620200410,5,0,0,0
620200411,8,-1,0,0
620200412,12,-1,0,0
620200413,16,3,0,20
620200414,7,-1,0,0
620200415,4,-2,0,0
620200416,5,-3,0,0
620200417,6,-1,0,0
620200418,11,-4,0,0
620200419,8,-1,0,7
620200420,6,-4,0,0
620200421,6,-4,0,4
620200422,3,-6,0,0
620200423,7,-5,0,0
620200424,10,-2,0,0
620200425,15,-2,0,0
620200426,13,6,0,0
620200427,13,2,0,0
620200428,15,-1,0,0
620200429,17,3,0,0
620200430,13,10,0,25
620200501,17,7,0,0
620200502,20,3,0,0
620200503,22,8,0,0
620200504,11,1,0,0
620200505,12,-1,0,0
620200506,15,2,0,0
620200507,14,2,0,0
620200508,6,0,0,0
620200509,6,-3,0,0
620200510,13,2,0,0
620200511,10,2,0,0
620200512,9,-1,0,0
620200513,14,0,0,0
620200514,18,2,0,0
620200515,13,10,0,18
620200516,17,11,0,0
620200517,20,9,0,0
620200518,21,11,0,0
620200519,20,9,0,0
620200520,24,8,0,0
620200521,24,9,0,0
620200522,28,10,0,0
620200523,25,13,0,0
620200524,27,11,0,0
620200525,23,16,0,3
620200526,32,15,0,0
620200527,34,18,0,0
620200528,28,19,0,0
620200529,28,14,0,19
620200530,20,6,0,8
620200531,13,4,0,0
620200601,18,3,0,0
620200602,16,9,0,0
620200603,19,13,0,0
620200604,25,11,0,0
620200605,29,13,0,0
620200606,24,13,0,0
620200607,21,11,0,0
620200608,22,11,0,0
620200609,22,13,0,0
620200610,29,15,0,1
620200611,23,15,0,1
620200612,17,6,0,0
620200613,16,6,0,1
620200614,21,7,0,0
620200615,24,7,0,0
620200616,28,9,0,0
620200617,30,12,0,0
620200618,32,13,0,0
620200619,31,17,0,0
620200620,32,18,0,0
620200621,33,17,0,0
620200622,33,19,0,5
620200623,31,20,0,3
620200624,22,16,0,0
620200625,24,16,0,0
620200626,26,13,0,0
620200627,27,17,0,0
620200628,28,18,0,4
620200629,27,16,0,0
620200630,27,19,0,0
620200701,32,18,0,0
620200702,31,21,0,0
620200703,32,21,0,0
620200704,30,17,0,0
620200705,30,16,0,0
620200706,31,14,0,0
620200707,35,17,0,1
620200708,33,21,0,0
620200709,36,20,0,1
620200710,36,21,0,0
620200711,28,21,0,6
620200712,27,19,0,0
620200713,27,17,0,0
620200714,28,18,0,0
620200715,28,16,0,0
620200716,27,18,0,0
620200717,31,21,0,4
620200718,33,18,0,0
620200719,32,22,0,27
620200720,29,20,0,0
620200721,26,17,0,0
620200722,26,17,0,4
620200723,26,17,0,0
620200724,30,14,0,0
620200725,32,15,0,0
620200726,35,22,0,0
620200727,32,24,0,1
620200728,30,20,0,0
620200729,29,18,0,9
620200730,26,16,0,14
620200731,29,16,0,0
620200801,30,16,0,0
620200802,24,19,0,36
620200803,25,17,0,1
620200804,21,17,0,24
620200805,23,16,0,1
620200806,25,14,0,0
620200807,27,13,0,0
620200808,29,14,0,0
620200809,23,18,0,1
620200810,30,18,0,1
620200811,31,19,0,8
620200812,30,18,0,0
620200813,29,16,0,0
620200814,27,16,0,0
620200815,28,15,0,0
620200816,28,17,0,27
620200817,25,16,0,28
620200818,22,14,0,3
620200819,21,11,0,0
620200820,20,10,0,1
620200821,23,15,0,1
620200822,27,16,0,0
620200823,28,18,0,20
620200824,28,18,0,7
620200825,23,12,0,1
620200826,19,9,0,0
620200827,17,10,0,4
620200828,22,12,0,0
620200829,17,14,0,28
620200830,20,12,0,2
620200831,22,8,0,0
620200901,25,13,0,0
620200902,27,16,0,8
620200903,24,14,0,2
620200904,21,12,0,1
620200905,21,9,0,2
620200906,20,9,0,0
620200907,25,11,0,1
620200908,19,10,0,1
620200909,16,12,0,6
620200910,15,10,0,0
620200911,17,6,0,0
620200912,21,5,0,0
620200913,22,15,0,6
620200914,15,5,0,0
620200915,14,3,0,0
620200916,22,9,0,0
620200917,15,5,0,0
620200918,13,3,0,0
620200919,14,1,0,0
620200920,15,2,0,0
620200921,18,1,0,0
620200922,19,2,0,0
620200923,23,12,0,0
620200924,17,11,0,0
620200925,18,10,0,0
620200926,26,8,0,0
620200927,26,17,0,0
620200928,27,15,0,0
620200929,21,14,0,10
620200930,17,11,0,14
620201001,18,9,0,0
620201002,12,5,0,9
620201003,12,4,0,0
620201004,14,6,0,1
620201005,12,7,0,2
620201006,16,7,0,0
620201007,17,7,0,20
620201008,10,1,0,0
620201009,15,0,0,0
620201010,23,7,0,0
620201011,11,3,0,0
620201012,13,2,0,0
620201013,12,8,0,14
620201014,16,4,0,0
620201015,18,9,0,4
620201016,11,2,0,4
620201017,14,0,0,0
620201018,14,4,0,0
620201019,14,5,0,9
620201020,9,4,0,5
620201021,11,4,0,0
620201022,12,3,0,0
620201023,24,10,0,1
620201024,19,2,0,2
620201025,6,-1,0,0
620201026,3,0,0,6
620201027,3,-2,0,0
620201028,9,-1,0,0
620201029,7,-1,0,0
620201030,4,-5,0,0
620201031,6,-5,0,0
620201101,8,1,0,2
620201102,2,-2,0,3
620201103,1,-3,7,0
620201104,12,-2,3,0
620201105,19,-1,0,0
620201106,18,7,0,0
620201107,21,8,0,0
620201108,21,5,0,0
620201109,22,6,0,0
620201110,23,6,0,0
620201111,20,5,0,0
620201112,8,-2,0,0
620201113,6,-3,0,0
620201114,5,-4,0,0
620201115,9,-5,0,3
620201116,7,2,0,0
620201117,2,-8,0,0
620201118,-3,-8,0,0
620201119,8,-5,0,0
620201120,15,1,0,0
620201121,8,-5,0,0
620201122,0,-6,0,13
620201123,1,-1,6,5
620201124,-1,-8,6,0
620201125,0,-6,9,9
620201126,2,0,12,3
620201127,4,1,6,0
620201128,5,1,4,0
620201129,7,1,2,0
620201130,5,0,0,13
620201201,6,1,0,3
620201202,1,-5,0,2
620201203,4,-5,2,0
620201204,4,0,0,5
620201205,1,-4,0,0
620201206,-1,-5,0,0
620201207,-3,-7,1,0
620201208,-5,-9,0,0
620201209,2,-6,1,4
620201210,2,-1,3,0
620201211,4,-1,4,0
620201212,3,0,1,4
620201213,7,-4,0,0
620201214,-1,-5,0,0
620201215,-5,-16,0,0
620201216,-12,-17,1,0
620201217,-5,-13,1,0
620201218,-4,-13,1,0
620201219,-4,-14,1,0
620201220,1,-4,1,3
620201221,3,0,2,1
620201222,2,-8,3,0
620201223,-3,-10,3,0
620201224,9,-3,2,22
620201225,6,-3,3,25
620201226,-2,-9,2,1
620201227,-3,-9,1,0
620201228,4,-7,1,2
620201229,-7,-11,3,0
620201230,4,-9,3,4
620201231,3,-5,4,0
620210101,0,-6,4,3
620210102,0,-5,11,6
620210103,-2,-6,10,0
620210104,-1,-3,9,0
620210105,-1,-3,8,1
620210106,-2,-4,9,0
620210107,-2,-7,8,0
620210108,-4,-11,8,0
620210109,-2,-9,8,0
620210110,-6,-10,8,0
620210111,2,-6,8,0
620210112,1,-2,7,0
620210113,1,-2,9,4
620210114,1,0,8,0
620210115,1,-1,9,0
620210116,1,-1,14,14
620210117,1,-7,22,1
620210118,-7,-14,22,0
620210119,-7,-16,21,1
620210120,-9,-16,21,0
620210121,-4,-14,23,4
620210122,-2,-13,26,0
620210123,-12,-17,25,0
620210124,-10,-19,24,0
620210125,-7,-19,23,0
620210126,-4,-7,23,4
620210127,-3,-8,30,0
620210128,-7,-18,28,0
620210129,-11,-20,25,0
620210130,-11,-20,25,0
620210131,-13,-21,25,0
620210201,-5,-23,25,0
620210202,1,-12,25,1
620210203,2,-4,26,1
620210204,1,-11,25,0
620210205,2,-10,25,2
620210206,-4,-11,28,0
620210207,-5,-14,30,1
620210208,-7,-20,32,0
620210209,-4,-13,32,1
620210210,-7,-14,30,0
620210211,-9,-20,31,0
620210212,-14,-22,31,0
620210213,-12,-23,31,0
620210214,-7,-14,31,1
620210215,-4,-12,31,3
620210216,-8,-15,41,12
620210217,-7,-19,42,0
620210218,-3,-20,41,0
620210219,-6,-11,40,2
620210220,-4,-15,42,0
620210221,-2,-16,41,0
620210222,0,-8,40,6
620210223,3,0,46,1
620210224,2,-4,42,15
620210225,-2,-11,52,0
620210226,1,-15,51,0
620210227,3,-11,51,9
620210228,5,-13,56,1
620210301,5,-17,49,2
620210302,-7,-18,45,4
620210303,0,-7,49,0
620210304,-4,-13,50,0
620210305,-6,-15,47,0
