120200101,1,-1.2,1,0.2
120200102,6.2,0.9,1,0
120200103,7.7,3.6,1,0
120200104,3.6,0.3,2,1.5
120200105,1.9,-1.2,2,5.6
120200106,2.9,-1.7,7,0.2
120200107,3.9,-3,4,0
120200108,0.7,-7.9,5,1.6
120200109,3.4,-9.8,3,0
120200110,7.6,3.3,2,1.1
120200111,11.8,2.2,1,55.3
120200112,2.2,-5.2,2,12.8
120200113,2.5,-4.5,2,0
120200114,3.6,-1.05,2,0
120200115,4.7,2.4,2,0
120200116,2.5,-10.4,4,0
120200117,-6.9,-13.6,1,0
120200118,2.6,-7.6,4,16.1
120200119,1.3,-10.4,14,0.3
120200120,-4.5,-13.2,14,0.6
120200121,-1.7,-7.7,14,0
120200122,1.4,-5.3,13,0
120200123,3.5,-2.5,13,0.5
120200124,3.6,1.2,12,20.9
120200125,3.9,2.1,5,7.9
120200126,4,1.4,2,1.3
120200127,2.2,0.8,1,0
120200128,2.5,-1.2,1,0.4
120200129,-1,-6.6,1,0
120200130,-1.3,-5.3,1,0
120200131,0.3,-2.7,1,0
120200201,1.3,-2,1,2.1
120200202,2.5,-0.1,4,6.1
120200203,6.4,2.2,4,0.5
120200204,3.2,-3.7,1,0
120200205,-2.3,-7,1,1.1
120200206,-2.3,-4.6,4,7.7
120200207,-3.4,-7.6,8,1.4
120200208,-6.1,-13.4,8,1.1
120200209,2.1,-7.9,7,5.8
120200210,4.2,1,8,1.2
120200211,3.8,-0.9,6,0
120200212,2,-2.4,4,0.9
120200213,0.8,-15.4,6,2.4
120200214,-7.8,-19.1,5,0.6
120200215,1.1,-8.7,5,0.4
120200216,4.3,-1.5,5,0.4
120200217,0.1,-4.2,3,1
120200218,6.1,-0.6,9,8.6
120200219,0.3,-5.7,4,0
120200220,-4,-9.1,3,1
120200221,1,-9.1,4,0.2
120200222,5.5,-3.2,4,0.2
120200223,7.5,1.7,1,0.8
120200224,9.4,2.2,1,1.1
120200225,5.6,1.7,1,0.2
120200226,4.1,-3.2,1,11.8
120200227,-2.7,-5.3,13,3.1
120200228,-2.5,-9.4,8,1.1
120200229,-3.2,-12.8,7,1.2
120200301,4.5,-7.7,6,0.7
120200302,7.1,2.4,3,2.1
120200303,4.8,2.7,1,9.9
120200304,7.7,1.9,1,0.4
120200305,5.2,-0.9,1,1.1
120200306,3.7,-0.8,1,1.2
120200307,3.6,-5.4,2,1.1
120200308,10.6,1.2,2,0.5
120200309,17.2,7.5,1,0.2
120200310,11.5,-0.4,1,3.4
120200311,3.8,-0.9,2,0.2
120200312,6.3,0.6,1,0
120200313,8.9,2.6,2,6.2
120200314,4.7,-0.1,1,0
120200315,4.2,-2.4,1,0.8
120200316,3.5,-1.7,2,1.5
120200317,9,0.7,2,0.4
120200318,4.5,-0.7,0,2.1
120200319,6.7,2.9,1,2.3
120200320,15.5,-3.6,1,4.6
120200321,1.8,-7.7,1,0.9
120200322,2.2,-4.7,1,0
120200323,3.9,0.4,3,12.1
120200324,5.2,1.3,2,0.2
120200325,8.7,2.6,2,1
120200326,14.2,3.7,2,0.9
120200327,9.3,2.6,1,0.9
120200328,7.2,3.8,0,1.1
120200329,18.4,4.9,1,11.3
120200330,9.7,5.6,1,2.5
120200331,6.3,4.4,1,0.3
120200401,9.4,2.7,0,0.6
120200402,14.1,3.5,0,1.1
120200403,12.1,2.9,0,1.4
120200404,10.9,7.1,0,0
120200405,11.2,3.6,0,0
120200406,12.8,1.6,0,1.5
120200407,13.6,5.4,0,6
120200408,14.7,6.2,0,0.5
120200409,10.1,2.1,0,8.8
120200410,8.1,1,0,0.2
120200411,9.7,0,0,1
120200412,13,5,0,0.2
120200413,14.6,3.5,0,14.8
120200414,7.8,0.2,0,0.8
120200415,5.3,-1.4,0,1.1
120200416,5.2,-2.1,0,0.7
120200417,5.9,-0.9,0,0.9
120200418,10.9,-0.9,0,1.4
120200419,13.5,0.2,0,0
120200420,6.4,-0.6,0,0.8
120200421,7.8,-0.9,0,0.8
120200422,6.6,-1.9,0,1.3
120200423,5.6,-0.1,0,0.7
120200424,10.9,5.6,0,0.6
120200425,12.9,2.8,0,1
120200426,11.7,6.7,0,0.2
120200427,13.5,5.3,0,0.6
120200428,11.3,6.8,0,0.7
120200429,13.7,7.5,0,0.6
120200430,13.1,8.7,0,8.2
120200501,16.1,8.5,0,1.2
120200502,14.9,7.3,0,2
120200503,21.9,9,0,1.4
120200504,11.1,3.5,0,0.8
120200505,8.9,1.9,0,1.3
120200506,12.2,4.9,0,1.3
120200507,13.9,3.2,0,1.3
120200508,5.7,-1.5,0,0.6
120200509,6.5,-2.1,0,1
120200510,10.2,1.5,0,0.2
120200511,8.3,0.9,0,4
120200512,8.8,-0.4,0,1.1
120200513,12.5,0,0,1.5
120200514,10.7,7,0,1.7
120200515,18.8,8.7,0,4.8
120200516,16.7,9.6,0,1.2
120200517,15.3,9.8,0,1.4
120200518,15.6,11.4,0,8
120200519,17.7,12.3,0,0
120200520,18.3,11.5,0,0.2
120200521,20.4,10.3,0,0.7
120200522,23.5,10.7,0,0.7
120200523,24.4,14.1,0,1.2
120200524,24.7,15.9,0,0.4
120200525,29.7,18.4,0,1.4
120200526,31.5,17.9,0,1.6
120200527,28.5,19.7,0,0.2
120200528,23.7,17.8,0,7.2
120200529,23.8,13.4,0,3.4
120200530,19.3,9.4,0,0.9
120200531,16.6,7.8,0,0.9
120200601,23.8,9.7,0,1.5
120200602,23.2,14.1,0,6
120200603,28.1,14,0,2.5
120200604,28.8,16,0,0
120200605,25.8,17.3,0,4.9
120200606,25.3,15.2,0,0.4
120200607,21.6,12.7,0,0
120200608,22.8,12.2,0,0.6
120200609,30.5,16.1,0,0
120200610,30.4,16.9,0,15.7
120200611,24.5,16.6,0,0
120200612,19.3,10.7,0,0.7
120200613,18.1,9.8,0,1
120200614,18.1,10.3,0,0.8
120200615,20.7,12,0,1.1
120200616,24.1,12.3,0,1.2
120200617,27.3,14.5,0,0.7
120200618,29.1,16.8,0,0.9
120200619,29,18.9,0,1
120200620,31.3,19.5,0,0.8
120200621,30.1,20.1,0,0.4
120200622,30.9,20.9,0,0.5
120200623,24.8,18.9,0,4.9
120200624,23.4,17,0,0.7
120200625,25.9,13.5,0,1.1
120200626,30.7,16.5,0,1.1
120200627,30.3,18.2,0,0.2
120200628,29.7,18.3,0,0.8
120200629,30.1,19.7,0,0.9
120200630,27.3,20.3,0,0.8
120200701,28.8,19.3,0,0.8
120200702,35.5,23.2,0,0.5
120200703,33.3,22.2,0,0.5
120200704,30.8,21.4,0,1
120200705,33.4,19.1,0,0.5
120200706,30.1,23.1,0,0.5
120200707,34,22,0,0.8
120200708,33,21.6,0,14.8
120200709,34.2,23.8,0,0.2
120200710,31.5,22.8,0,0.4
120200711,29.7,21,0,4.8
120200712,27.9,19.1,0,0.9
120200713,26.7,18.7,0,0.8
120200714,27.4,18.3,0,1.1
120200715,28.8,19.5,0,0.9
120200716,25.3,22.5,0,4.7
120200717,30.6,21.1,0,0.3
120200718,32.3,21,0,1
120200719,29.5,21.7,0,11.8
120200720,30.8,19.2,0,0
120200721,26.5,17.1,0,0.5
120200722,26.2,20.8,0,21.6
120200723,28.1,19.7,0,0.2
120200724,28,19.3,0,0.9
120200725,30,18.8,0,0.7
120200726,33.8,21.1,0,0.7
120200727,33.2,22.8,0,2.7
120200728,31.6,19.6,0,0.8
120200729,29.7,19.4,0,1.9
120200730,28.5,18.2,0,0.9
120200731,28.6,19.8,0,1
120200801,29.3,20.2,0,4.9
120200802,26.3,19.9,0,39.8
120200803,25.7,18.2,0,22.8
120200804,24,17.7,0,12.3
120200805,24.6,15.3,0,0.4
120200806,23.9,14.1,0,0
120200807,25.6,16.4,0,0
120200808,27.8,17.1,0,0.7
120200809,29.1,20.2,0,0
120200810,29.8,19.1,0,0
120200811,30.4,18,0,0
120200812,29.8,16.4,0,0
120200813,29.5,20.7,0,0
120200814,28.6,21.2,0,0
120200815,27.2,19.6,0,0
120200816,25,19.1,0,0.3
120200817,26.9,16.9,0,6.4
120200818,25.2,15.1,0,0
120200819,24,13.7,0,0
120200820,26.2,13.6,0,0.2
120200821,29.9,17.9,0,0.9
120200822,30.1,20.6,0,0
120200823,31.2,19.8,0,0
120200824,33.2,21.5,0,0.5
120200825,28,17.8,0,0
120200826,21.6,15,0,7.5
120200827,30.3,19.4,0,0
120200828,23.6,17.5,0,0
120200829,26.8,17.2,0,0
120200830,23,15.9,0,0
120200831,24.1,15.6,0,0
120200901,28.2,20.1,0,1
120200902,27.7,19,0,3
120200903,27.4,15.6,0,0
120200904,23.9,14.5,0,0.5
120200905,22,12.9,0,0
120200906,22.1,11.6,0,0
120200907,24.3,16.5,0,5.4
120200908,17.2,15,0,0
120200909,19.2,14.5,0,0
120200910,20.7,14.1,0,0
120200911,16.5,11.9,0,0.7
120200912,21,12,0,0
120200913,26.1,15.8,0,9.2
120200914,17.8,9.6,0,0
120200915,18.7,9.3,0,0.2
120200916,23,14.4,0,0
120200917,19.4,10.4,0,0
120200918,16.1,7.7,0,0.2
120200919,14.4,6.5,0,0.8
120200920,16.7,9.3,0,1.1
120200921,18.9,9.1,0,0.7
120200922,20.7,9.5,0,0
120200923,27.1,12.5,0,0.9
120200924,24.3,14,0,4.2
120200925,23.1,15.9,0,0.2
120200926,24.6,14.1,0,0.9
120200927,24.7,19.4,0,0.5
120200928,26,15.4,0,5.8
120200929,18.6,13.3,0,5.5
120200930,18.8,11.2,0,7.7
120201001,17.8,9.5,0,1.1
120201002,14.9,6.8,0,0.2
120201003,12.8,4.9,0,0
120201004,11.9,7.7,0,1.8
120201005,15.2,8.1,0,0.5
120201006,17.2,8.6,0,0
120201007,18.7,10,0,2.1
120201008,13.3,6.9,0,1.7
120201009,16.5,6,0,0.2
120201010,22.4,10,0,0.2
120201011,10.9,6.8,0,0
120201012,16,8.3,0,0.5
120201013,17.9,11,0,5.5
120201014,16.2,8.4,0,1.1
120201015,16.1,9.1,0,9.4
120201016,11.9,5.4,0,0.4
120201017,13.8,5.3,0,1.1
120201018,14.1,7,0,1.7
120201019,8.4,6.7,0,4.6
120201020,11.3,6.4,0,1.8
120201021,17.4,8.9,0,5.7
120201022,12.5,8.8,0,2.1
120201023,22.8,9.3,0,3.1
120201024,9.3,3.8,0,0
120201025,7.3,3.1,0,0.4
120201026,8.6,3.9,0,1.7
120201027,9.3,3.4,0,0
120201028,9.3,3.4,0,0
120201029,10.7,2.9,0,0
120201030,3.3,-1.9,0,0
120201031,8.6,-2.8,0,0
120201101,12,0.5,0,6.8
120201102,7.7,-1.1,0,0
120201103,7.7,4.6,0,0
120201104,16.8,5.2,0,0
120201105,17,10.7,0,0
120201106,18.2,9.6,0,0
120201107,19.3,10.5,0,0
120201108,19.1,8.5,0,0
120201109,20,10,0,0
120201110,21.6,10.3,0,0
120201111,18.3,6.6,0,0.3
120201112,9.4,5.1,0,0
120201113,9.6,5,0,0.1
120201114,8.1,2.9,0,0
120201115,12.9,4.1,0,10.2
120201116,5,3,1,0
120201117,4.1,-4.6,1,0
120201118,3.8,-4.8,0,0
120201119,15.1,3.4,0,0
120201120,17.2,7.2,0,0
120201121,7.4,1.6,0,0
120201122,3,0.4,0,17.3
120201123,4.3,-0.4,1,0
120201124,3,-0.7,0,1.7
120201125,8.3,1.8,0,5.7
120201126,11.8,6.9,0,0.6
120201127,8.2,6.3,0,0
120201128,7.6,3.7,0,0
120201129,10.1,3.1,0,0
120201130,7.2,0,0,23.4
120201201,0.4,-1.9,1,4.6
120201202,4.8,-0.8,1,0
120201203,5.7,0.8,0,0
120201204,4.7,1.4,0,5.6
120201205,2.5,-3.4,0,0
120201206,1.1,-4.5,0,0
120201207,1.1,-4.9,0,0
120201208,2.5,-5.2,0,0
120201209,4.7,0.4,2,7
120201210,6.2,2.5,0,0.2
120201211,9.5,2.9,0,0
120201212,9.4,3.9,0,9
120201213,7.2,0.4,0,0
120201214,2.5,-1.8,0,0.1
120201215,-1.7,-6.9,0,0.1
120201216,-4.8,-7.1,0,0.3
120201217,-2.9,-7.2,0,0.1
120201218,0.4,-7,0,0
120201219,3,0.3,0,2.1
120201220,5.3,1.5,0,1.1
120201221,4.6,0.2,0,0.2
120201222,4.1,0.5,0,0
120201223,8.2,1.7,0,0.8
120201224,9.5,-2.2,0,12.2
120201225,0.2,-4.7,4,5.1
120201226,-1.4,-4.6,4,1
120201227,4.7,-2.6,3,0.5
120201228,5.2,-1.9,0,3.4
120201229,-0.5,-4,0,0
120201230,5.6,-2.3,0,5.9
120201231,2.5,-1,0,0
120210101,2.5,-1,0,6.8
120210102,2.2,-0.9,0,10.8
120210103,2.1,0.2,0,1.7
120210104,1.7,-0.1,0,0
120210105,1.6,0.6,0,0.4
120210106,2.1,-0.3,0,0
120210107,0.8,-4.8,0,0
120210108,-1.3,-8.3,0,0
120210109,4.1,-2.4,0,0
120210110,2.1,-2,0,0
120210111,1.2,-3.1,0,0
120210112,0,-1.1,0,0.3
120210113,3.6,-0.5,0,0
120210114,5.2,1.7,0,0
120210115,5.6,2.7,0,2.9
120210116,5,-0.3,0,0
120210117,5.1,-0.6,0,0.2
120210118,1.2,-2.3,0,0
120210119,2.2,-2.2,0,0
120210120,-0.8,-7.1,0,0
120210121,4,-0.8,0,0.1
120210122,2.6,-6.4,0,0.3
120210123,-4,-10.6,0,0
120210124,-1.8,-6.2,0,0
120210125,2.3,-2.1,0,0
120210126,0.9,-3.9,0,8.7
120210127,-2.5,-8.3,6,0
120210128,-6.7,-12.1,4,0
120210129,-6.6,-12.2,4,0
120210130,-2,-10.5,4,0
120210131,-4.2,-8.8,4,0
120210201,-2,-9.6,4,0
120210202,0,-7.7,3,0
120210203,1,-5.9,3,0
120210204,4,-3.9,3,0.9
120210205,3.1,-6.6,2,2.3
120210206,-5.1,-8.1,2,0
120210207,-5.2,-11.6,4,0.8
120210208,-5.7,-11.7,3,0.2
120210209,-2.4,-8.8,4,0.3
120210210,-4.2,-10.1,3,0
120210211,-2.8,-9.8,3,0
120210212,-8.1,-13.5,2,0.3
120210213,-8.6,-11.8,4,1.6
120210214,-3,-11.2,8,0
120210215,-2.8,-8.4,6,5.4
120210216,-6.4,-12,16,5.5
120210217,-2.5,-12.7,14,0
120210218,-2.6,-6.2,13,3.7
120210219,-1.7,-5.6,19,2.4
120210220,-0.9,-7.3,20,0
120210221,0.1,-8.5,18,0
120210222,3.5,-0.3,20,7.7
120210223,5.3,0.2,16,0.5
120210224,9.1,0.7,14,0
120210225,2.2,-2.6,9,0
120210226,3.3,-3.8,8,0
120210227,6.4,1,7,6.5
120210228,7.3,0.8,6,1.3
120210301,6.5,-9.6,1,0
120210302,1,-12.8,1,0
120210303,8,-0.7,0,0
120210304,1.8,-7,0,0
120210305,1.7,-8.8,0,0
220200101,-0.2,-3.2,0,0
220200102,6.4,-0.5,0,0
220200103,6.8,2.3,0,0
220200104,2.5,-0.7,2,1.6
220200105,1.3,-2.8,0,3.6
220200106,1.8,-5.2,4,0
220200107,4,-5.5,2,0
220200108,-0.7,-9.4,2,2
220200109,2,-11.7,1,0.2
220200110,7.5,1.4,0,1.8
220200111,11.9,1.7,0,59
220200112,1.7,-6.2,1,17.6
220200113,1.7,-5,0,0.4
220200114,2.9,-0.2,0,0
220200115,4.3,0.8,0,0
220200116,1.7,-11.7,0,0.2
220200117,-8,-14.9,0,0
220200118,2.5,-8.1,6,14.4
220200119,0.4,-11.6,16,1.6
220200120,-5.2,-15.6,13,0
220200121,-2.8,-8.7,12,0
220200122,0.8,-7.9,11,0
220200123,2.3,-4.6,7,0
220200124,3.7,-1.7,4,18.6
220200125,3.6,1.5,1,8.6
220200126,3.2,0.7,0,1
220200127,1.3,-0.1,0,0
220200128,1.8,-1.9,0,0
220200129,-1.9,-7.9,0,0
220200130,-1.9,-8.3,0,0
220200131,-0.2,-3.7,0,0.8
220200201,1,-4.1,0,1.4
220200202,2.1,-2.1,2,4.2
220200203,5.7,0.4,2,0
220200204,2.3,-4.7,0,0
220200205,-3,-8.2,1,0.6
220200206,-3.5,-5.5,3,6.4
220200207,-4.3,-9.2,8,1.8
220200208,-7.1,-14.9,9,0
220200209,0.6,-10.6,5,8.4
220200210,2.9,0.2,11,0.2
220200211,2.1,-2.3,7,0
220200212,1.5,-4.6,3,0.4
220200213,-0.2,-17.1,6,4
220200214,-9.2,-20.6,7,0
220200215,0.3,-11.9,3,0.2
220200216,3,-2.8,2,0
220200217,-0.2,-6,1,0
220200218,5.2,-1.4,5,6.8
220200219,-0.8,-7,1,0
220200220,-4.1,-11.4,0,0
220200221,0.6,-10.5,0,0
220200222,5.7,-4.4,0,0
220200223,9.3,-0.3,0,0
220200224,9.3,-0.7,0,0
220200225,4.5,0.3,1,2.2
220200226,2.8,-4.3,1,11.4
220200227,-3.5,-6.2,13,2.4
220200228,-3.7,-10.7,11,1.6
220200229,-3.7,-14,12,0
220200301,2.5,-10.9,11,0
220200302,6.8,0.8,2,0.2
220200303,4.2,0.4,0,8.8
220200304,6,0.7,0,0
220200305,5.9,-3.5,0,0
220200306,2.3,-2.2,0,2.2
220200307,3.9,-7.2,0,0
220200308,12.2,0.4,0,0
220200309,17.2,7.8,0,0
220200310,11.8,-1.5,0,3.6
220200311,4.2,-2.5,0,0
220200312,5.9,0,0,0
220200313,8.4,1.1,0,2.8
220200314,3.7,-1.4,0,0
220200315,3.8,-4.4,0,0
220200316,4.1,-5.3,0,1
220200317,8.6,-1.2,0,0
220200318,4.4,-3,0,1
220200319,7.3,2,0,2.6
220200320,18.4,-4.3,0,3.6
220200321,0.7,-8.4,0,0
220200322,1.3,-7.8,0,0
220200323,3.8,-0.4,2,8.2
220200324,5.5,0.7,0,0
220200325,9.7,1.6,0,0
220200326,13.3,1.9,0,0
220200327,9.1,1.2,0,0
220200328,7.8,2.8,0,2.4
220200329,18,5,0,15.2
220200330,8.7,4.8,0,2
220200331,6.6,4.3,0,0.2
220200401,10.2,1,0,0
220200402,14.5,2.1,0,0
220200403,11.1,2,0,0
220200404,11.2,5.4,0,0.2
220200405,10.9,1.3,0,0
220200406,14.3,-0.4,0,0
220200407,14.1,4.1,0,6
220200408,13.9,5.5,0,1.8
220200409,9.3,0.9,0,9
220200410,7.6,0.1,0,0
220200411,9.4,-2.1,0,0
220200412,13.7,3.9,0,0.6
220200413,14.8,2,0,12.8
220200414,7,-3.2,0,0
220200415,4.4,-4.8,0,0
220200416,4.9,-4.8,0,0
220200417,6.6,-2.6,0,0
220200418,11.3,-3,0,0
220200419,13.6,-1.5,0,0.4
220200420,6.9,-3.6,0,0
220200421,8.1,-2.4,0,1
220200422,6.2,-2.7,0,0
220200423,6.1,-1.7,0,0
220200424,10.4,3.8,0,0
220200425,13.8,-0.7,0,0
220200426,11.2,5.9,0,2
220200427,14.3,3.4,0,0
220200428,13.3,7.3,0,0
220200429,14.2,7.9,0,1
220200430,14.2,9.3,0,6.2
220200501,15.7,7,0,1.2
220200502,15.6,5.6,0,0.6
220200503,21,6.6,0,0
220200504,11.4,1.8,0,0
220200505,11.4,-0.7,0,0
220200506,12.8,2.6,0,0
220200507,13.6,1.1,0,0.4
220200508,4.8,-3.1,0,0
220200509,6.8,-4.7,0,0.4
220200510,8.2,-1.4,0,0.4
220200511,7.8,-1.7,0,7.2
220200512,8.6,-3.8,0,0
220200513,12.8,-3,0,0
220200514,13.2,5.9,0,3.4
220200515,19.1,7.7,0,3.4
220200516,16.9,7.5,0,0
220200517,16.3,7.3,0,2
220200518,15.2,11.2,0,10.8
220200519,17.1,12.4,0,0
220200520,19.2,9.6,0,0
220200521,20.7,7.5,0,0
220200522,23.9,9.6,0,0
220200523,24.9,12.7,0,0
220200524,25.9,15.2,0,0.4
220200525,30.3,18.4,0,0
220200526,31,16.4,0,0
220200527,28.4,19.1,0,0
220200528,22.8,18.1,0,6.6
220200529,25.7,11.1,0,6.2
220200530,18.7,8,0,0
220200531,16.3,6.6,0,0.2
220200601,23.7,7.9,0,0
220200602,27.2,12.9,0,10.4
220200603,27.4,13.4,0,5.4
220200604,30,15.6,0,0
220200605,28.3,17,0,2.6
220200606,26.1,13.9,0,0
220200607,20.9,11.1,0,0
220200608,22.8,10,0,0
220200609,31.6,15.6,0,0
220200610,32.1,16.9,0,24.4
220200611,24.3,15.4,0,0
220200612,17.9,9.2,0,0
220200613,18.7,8,0,0
220200614,17.6,8.2,0,0
220200615,21,8.9,0,0
220200616,24.4,9.7,0,0
220200617,27.5,12.6,0,0
220200618,29.3,15.3,0,0
220200619,29.7,17.6,0,0
220200620,30.6,18.9,0,0
220200621,30.8,19.1,0,0
220200622,30.3,19.6,0,0.2
220200623,25.5,17.5,0,4
220200624,23.4,15.3,0,0
220200625,26.9,10.9,0,0
220200626,30.2,14.7,0,0
220200627,29.4,19.1,0,2.8
220200628,29.3,17.3,0,0
220200629,32.1,18.8,0,0
220200630,27.5,19.2,0,0
220200701,29.9,18.9,0,0
220200702,35.5,21.1,0,0
220200703,32.4,22.3,0,0
220200704,32,20.2,0,0
220200705,34,18.5,0,0
220200706,31.3,20.6,0,0
220200707,34,21.6,0,0
220200708,34.6,22.2,0,6.2
220200709,34.3,22.5,0,0
220200710,32.3,20.6,0,16.6
220200711,28.4,20.1,0,21
220200712,27.9,18.2,0,0
220200713,25.3,18,0,1
220200714,26.8,17.4,0,0
220200715,28.2,18.4,0,0
220200716,25.6,21.7,0,2.8
220200717,31.4,20.1,0,0
220200718,33.2,20.1,0,0
220200719,31.2,21.9,0,9
220200720,29.6,17.8,0,0
220200721,26.2,15.3,0,0
220200722,26.7,20.2,0,9.6
220200723,27.6,18.4,0,0
220200724,27.6,17.6,0,0
220200725,30,17.8,0,0
220200726,33.5,19.6,0,0
220200727,32.7,21.8,0,0.8
220200728,31.1,17.5,0,0
220200729,30.7,19.5,0,0.6
220200730,28.1,16.9,0,0
220200731,28.8,18.1,0,0
220200801,30,18.7,0,3.8
220200802,28.4,19.5,0,37
220200803,24.9,17.1,0,26.8
220200804,24.6,17.7,0,10.4
220200805,23.9,14.2,0,0
220200806,23.9,13.3,0,0
220200807,25.6,14.5,0,0
220200808,27.1,15.9,0,0
220200809,30.6,20.4,0,0
220200810,32.1,21.8,0,0
220200811,28.9,15.6,0,0
220200812,29.8,15.1,0,0
220200813,28.9,19,0,0
220200814,28.6,20.8,0,0
220200815,27.9,17.1,0,0
220200816,25.8,18.5,0,1
220200817,27.4,15,0,4.8
220200818,25,14.1,0,0.8
220200819,23.7,11.3,0,0
220200820,27.6,11,0,0
220200821,30.6,17.4,0,0
220200822,31.1,18.9,0,0
220200823,31.7,18.4,0,0
220200824,32.7,20.4,0,0
220200825,28,17,0,0
220200826,21.2,14.1,0,4.4
220200827,30.2,17.9,0,0
220200828,24,16.7,0,0.2
220200829,27,16.2,0,1.8
220200830,23.7,13.9,0,0
220200831,25.2,14.5,0,0
220200901,28.1,18.6,0,10.4
220200902,28.3,17.8,0,1.6
220200903,28.6,14.9,0,2
220200904,23,12.4,0,0.2
220200905,21.1,11.5,0,0
220200906,22,9.4,0,0
220200907,25.2,15.6,0,5.2
220200908,16.5,14.4,0,0
220200909,18.5,13.6,0,0
220200910,19.8,13,0,0
220200911,17.6,11.6,0,0
220200912,21.4,10.4,0,0
220200913,26.1,13.8,0,3.8
220200914,17.5,6.7,0,0
220200915,19.8,5,0,0
220200916,25.4,14.1,0,0
220200917,19.2,7.5,0,0
220200918,15.9,5.3,0,0
220200919,14.4,3.1,0,0
220200920,16.8,9.1,0,0
220200921,19.5,4.1,0,0
220200922,21.5,6.7,0,0
220200923,27.6,12.2,0,0
220200924,25.1,11.8,0,2
220200925,24.4,14.1,0,0
220200926,25.9,12,0,0
220200927,27.2,19.6,0,0
220200928,26.7,14.7,0,8.4
220200929,19,12.8,0,2.2
220200930,19,10.1,0,5
220201001,17.9,8.3,0,0
220201002,15.5,5.5,0,0
220201003,13,3.3,0,4
220201004,11.4,5.7,0,3.2
220201005,15.1,7.2,0,0
220201006,19.5,7.8,0,0
220201007,18.5,9.2,0,2.6
220201008,16.5,5.3,0,0.8
220201009,18.3,2.8,0,0
220201010,22.1,7.8,0,0.4
220201011,11.7,5.4,0,0
220201012,16.4,7.6,0,0.2
220201013,18,10.1,0,7.8
220201014,17.4,6.3,0,0
220201015,17.2,6.9,0,11.6
220201016,12.2,2.6,0,0
220201017,13.5,2.6,0,0
220201018,14.2,6.3,0,2
220201019,8.1,5.9,0,8.6
220201020,11.5,6,0,1.2
220201021,17.2,7.1,0,5
220201022,12.3,8.5,0,2
220201023,24.7,8.2,0,2.6
220201024,8.4,2.6,0,0
220201025,6.4,1.8,0,0
220201026,8.1,2.4,0,1.6
220201027,7.3,1.5,0,5.2
220201028,11.8,2.4,0,0
220201029,10.8,2.1,0,1.6
220201030,2.3,-4.3,0,0
220201031,6.7,-5.4,0,0
220201101,11.2,0,1,3.6
220201102,7.2,-2.1,0,0
220201103,7.1,3.8,0,0
220201104,19.6,1.8,0,0
220201105,19.2,11.4,0,0
220201106,20.8,9.1,0,0
220201107,21,9.4,0,0
220201108,20.1,6.2,0,0
220201109,19.5,6.9,0,0
220201110,24.3,7.8,0,0
220201111,18.2,5.5,0,0.6
220201112,9.8,3.7,0,0
220201113,9,3.3,0,0
220201114,7.6,0.1,0,0
220201115,13.2,3.1,0,10.4
220201116,4.1,1.1,0,0.2
220201117,3,-5.4,0,0.6
220201118,1.5,-6.2,0,0
220201119,15,1.5,0,0
220201120,17.8,6.1,0,0
220201121,6,0.3,0,0
220201122,1.9,-1,7,19.4
220201123,3.5,-4.2,17,0
220201124,2.1,-1.7,11,1
220201125,8.3,1.3,8,6.8
220201126,11.9,6.6,0,1.2
220201127,7.8,4.9,0,0
220201128,7,1.8,0,0
220201129,10.8,0.7,0,0
220201130,5.5,-0.9,1,22
220201201,-0.1,-2.2,9,8.4
220201202,3.8,-1.4,11,1
220201203,4.1,-1.5,5,0
220201204,3.4,-0.2,0,3.6
220201205,1.7,-4.5,0,0
220201206,0.7,-6.3,0,0
220201207,1,-6.3,0,0
220201208,1.9,-6.7,0,0
220201209,4.4,0.1,4,4
220201210,5.9,0.9,0,0
220201211,9.4,0.8,0,0
220201212,9.1,3.4,0,8
220201213,5.1,-0.6,0,0
220201214,1.7,-2.5,0,0
220201215,-2.4,-7.7,0,0.2
220201216,-5.6,-8.7,0,1.4
220201217,-2.7,-8,2,0.6
220201218,-1.3,-9.7,0,0
220201219,2.5,-2,0,2.2
220201220,5,-0.4,0,1.2
220201221,4.3,-1.3,0,0.2
220201222,2.7,-0.8,0,0
220201223,6.3,0.5,0,1.8
220201224,9.6,-2.8,1,12.4
220201225,-0.4,-5.4,11,8
220201226,-2.5,-5.5,16,1.6
220201227,2.5,-3.7,15,1
220201228,4.4,-3.6,5,5.2
220201229,-1.2,-5.6,2,0
220201230,5.1,-3.7,4,3.2
220201231,1.5,-3,1,0
220210101,1.6,-4.1,1,8
220210102,1.2,-2.5,7,6.8
220210103,1.1,-0.8,4,1.6
220210104,1.1,-0.8,2,0
220210105,1,-0.1,2,0.2
220210106,2,-1.2,2,0.2
220210107,-0.6,-7.1,2,0
220210108,-3.5,-9.3,2,0
220210109,3.3,-4.3,2,0
220210110,1.9,-5.6,2,0
220210111,0.2,-6.1,2,0
220210112,-1.2,-2.1,1,0
220210113,3.1,-1.4,1,0
220210114,4.6,-0.8,1,0
220210115,5.6,1.2,0,5
220210116,4.7,-2.6,0,0
220210117,4.2,-2.7,0,0.6
220210118,0.9,-4.6,0,0
220210119,-0.7,-6.2,0,0.6
220210120,-2.2,-7.7,0,0
220210121,3.1,-1.8,0,0.2
220210122,1,-7.8,0,0.4
220210123,-4.8,-12.6,0,0
220210124,-2.7,-7.2,0,0
220210125,1.9,-3.7,0,0
220210126,-0.5,-4.6,6,7.4
220210127,-3.3,-10.2,8,0
220210128,-7.8,-13.8,6,0
220210129,-7.1,-14.6,5,0.2
220210130,-2.2,-13.8,0,0
220210131,-5.2,-10.6,5,0
220210201,-3.7,-11.3,4,0
220210202,-0.9,-9.6,3,0
220210203,0.6,-6.3,2,0
220210204,4.3,-7.2,2,1.4
220210205,1.7,-8,2,5.2
220210206,-6,-9.4,1,0
220210207,-6.2,-13.3,2,0.6
220210208,-6.5,-13.4,1,0.2
220210209,-2.7,-11.4,2,1
220210210,-5.3,-13.2,1,0
220210211,-4.7,-11.2,1,0
220210212,-8.3,-14.2,1,1.8
220210213,-9.1,-13.9,2,2.2
220210214,-4,-14.8,6,0.4
220210215,-4.2,-9.7,2,3.2
220210216,-7,-15.3,12,8.8
220210217,-4.8,-11.3,12,0
220210218,-4.8,-11.3,10,0
220210219,-2.5,-7.2,18,7.8
220210220,-1.8,-11.4,16,0.4
220210221,-1.5,-12.4,12,0
220210222,2.8,-1.7,14,4.8
220210223,4.3,-0.7,10,0.2
220210224,8.4,-0.6,6,0
220210225,0.9,-3.7,1,0
220210226,3.8,-6.9,0,0
220210227,5.8,-0.7,0,6.2
220210228,6.5,-1.7,0,1
220210301,5.4,-9.8,0,0
220210302,0.2,-13.6,0,0
220210303,7.2,-2.8,0,0
220210304,0.8,-8,0,0
220210305,1.6,-10.3,0,0
320200101,-0.4,-3.2,0,0
320200102,5.7,-1.3,0,0
320200103,6.1,1.4,0,0
320200104,2,-1.5,0,0
320200105,0.5,-3,0,0
320200106,1.1,-3.5,0,0
320200107,3.1,-8.4,0,0
320200108,-0.8,-10.2,0,0
320200109,1.9,-14.7,0,0
320200110,7,1.4,0,0
320200111,11.7,0.7,0,0
320200112,0.7,-7.3,0,0
320200113,0.8,-6.8,0,0
320200114,2.6,-1.6,0,0
320200115,3.2,0.2,0,0
320200116,0.3,-12.6,0,0
320200117,-9.3,-15.5,0,0
320200118,2,-9.8,0,0
320200119,0.2,-13.1,0,0
320200120,-5.3,-16.6,0,0
320200121,-2.6,-15,0,0
320200122,0.9,-7.1,0,0
320200123,3.2,-8.8,0,0
320200124,3.7,-2.4,0,0
320200125,2.3,0.8,0,0
320200126,3.2,0.4,0,0
320200127,1,-0.9,0,0
320200128,0.3,-3.7,0,0
320200129,-3.7,-9.8,0,0
320200130,-3.1,-9.7,0,0
320200131,-0.8,-4.8,0,0
320200201,0.4,-3.6,0,0
320200202,1.2,-1.7,0,0
320200203,5,-2,0,0
320200204,1.8,-4.8,0,0
320200205,-4.4,-8.8,0,0
320200206,-4.2,-6,0,0
320200207,-4.3,-12.1,0,0
320200208,-9.1,-16.7,0,0
320200209,0.3,-13.9,0,0
320200210,2.9,-0.8,0,0
320200211,2.2,-2.2,0,0
320200212,1.6,-3.5,0,0
320200213,-0.7,-18.7,0,0
320200214,-9.7,-22,0,0
320200215,0,-11.5,0,0
320200216,3.4,-3.8,0,0
320200217,-1,-6.7,0,0
320200218,4.8,-2.4,0,0
320200219,-0.9,-7.5,0,0
320200220,-5.8,-11.2,0,0
320200221,0.2,-11.2,0,0
320200222,4.5,-4.6,0,0
320200223,7.2,-4.4,0,0
320200224,8.5,0.8,0,0
320200225,4,0.2,0,0
320200226,2,-4.3,0,0
320200227,-3.2,-6.4,0,0
320200228,-3.8,-12.1,0,0
320200229,-5.3,-15.9,0,0
320200301,1.5,-14.6,0,0
320200302,6.2,-1.9,0,0
320200303,3.1,-0.8,0,0
320200304,5.4,0.6,0,0
320200305,5.7,-1.7,0,0
320200306,2.5,-3,0,0
320200307,3.9,-7.7,0,0
320200308,12.3,-0.4,0,0
320200309,17.2,7.7,0,0
320200310,11,-1.6,0,0
320200311,2.9,-4,0,0
320200312,6.2,-1.5,0,0
320200313,7.7,1.6,0,0
320200314,2.5,-1.5,0,0
320200315,3.1,-4.6,0,0
320200316,2.6,-5.7,0,0
320200317,6.9,-1.5,0,0
320200318,3.3,-4.5,0,0
320200319,6.8,2.7,0,0
320200320,17.9,-5.1,0,0
320200321,-0.4,-9.5,0,0
320200322,0,-7.2,0,0
320200323,2.4,-0.4,0,0
320200324,5.8,-0.5,0,0
320200325,10.1,0.1,0,0
320200326,12.1,-0.1,0,0
320200327,10.5,0.6,0,0
320200328,10,0.5,0,0
320200329,17.2,5.3,0,0
320200330,8.5,4.3,0,0
320200331,5.8,3.5,0,0
320200401,10.5,0,0,0
320200402,12.1,1.4,0,0
320200403,10.3,1.4,0,0
320200404,10.7,5.4,0,0
320200405,9,1.2,0,0
320200406,14.5,-0.3,0,0
320200407,14.5,2.7,0,0
320200408,13.2,5.1,0,0
320200409,8.3,0.8,0,0
320200410,6.4,-0.3,0,0
320200411,9,-1,0,0
320200412,12.1,2.4,0,0
320200413,14.2,1.7,0,0
320200414,6.5,-1.4,0,0
320200415,3.6,-3.1,0,0
320200416,3.8,-3.7,0,0
320200417,6.2,-2.1,0,0
320200418,10.1,-3.5,0,0
320200419,12.3,-1.2,0,0
320200420,7.2,-3.9,0,0
320200421,7.1,-2,0,0
320200422,5.1,-3.4,0,0
320200423,6.4,-4.6,0,0
320200424,9.9,2.3,0,0
320200425,13.8,0,0,0
320200426,11.6,5.7,0,0
320200427,15.5,3,0,0
320200428,12.2,5.3,0,0
320200429,14,8.4,0,0
320200430,13.8,8.5,0,0
320200501,15.2,6.5,0,0
320200502,17.7,4.7,0,0
320200503,20.8,7,0,0
320200504,9.3,2,0,0
320200505,11.3,-0.6,0,0
320200506,14.1,1.7,0,0
320200507,12,1.1,0,0
320200508,4.8,-3.1,0,0
320200509,5.3,-4.1,0,0
320200510,6.2,0,0,0
320200511,6.8,-0.9,0,0
320200512,8.1,-2.4,0,0
320200513,13.8,-2.1,0,0
320200514,11.9,3.8,0,0
320200515,17.1,8.5,0,0
320200516,18.4,7.9,0,0
320200517,17.1,5.7,0,0
320200518,14.6,11,0,0
320200519,18.4,12.2,0,0
320200520,19.4,9.1,0,0
320200521,21.4,5.7,0,0
320200522,25.6,8.7,0,0
320200523,26.1,12,0,0
320200524,26.3,15.7,0,0
320200525,30.8,17.8,0,0
320200526,31.8,17,0,0
320200527,28.9,18.3,0,0
320200528,23.8,18.4,0,0
320200529,24.3,13.2,0,0
320200530,17.7,6.7,0,0
320200531,14.5,6.6,0,0
320200601,23.1,7.6,0,0
320200602,23.9,13.5,0,0
320200603,26.3,13.1,0,0
320200604,30.9,15.8,0,0
320200605,28.2,15.4,0,0
320200606,24,12.9,0,0
320200607,20.4,10.6,0,0
320200608,24.5,10.1,0,0
320200609,33.9,14.3,0,0
320200610,31.4,17.3,0,0
320200611,23.6,16.2,0,0
320200612,17.7,8.7,0,0
320200613,19,8.1,0,0
320200614,18.5,6.7,0,0
320200615,20.9,8.4,0,0
320200616,24,9.7,0,0
320200617,28.1,11.3,0,0
320200618,29.4,13.6,0,0
320200619,30.4,17.6,0,0
320200620,32.3,18.4,0,0
320200621,31.6,18.5,0,0
320200622,30,19.2,0,0
320200623,25.2,17.7,0,0
320200624,21.8,15.3,0,0
320200625,26,13.3,0,0
320200626,29.2,15.9,0,0
320200627,29.1,18.9,0,0
320200628,28.1,16.9,0,0
320200629,31,18.4,0,0
320200630,27.8,18,0,0
320200701,31.3,17.3,0,0
320200702,33.5,21.1,0,0
320200703,31.2,21.7,0,0
320200704,30.8,19.7,0,0
320200705,31.6,17.4,0,0
320200706,30.3,19.1,0,0
320200707,34,19.1,0,0
320200708,32.8,23.1,0,0
320200709,35,20.8,0,0
320200710,32.5,21.9,0,0
320200711,26.8,20.5,0,0
320200712,26.4,18.4,0,0
320200713,24.4,18,0,0
320200714,26.7,17.1,0,0
320200715,29.1,16.9,0,0
320200716,25.8,19.8,0,0
320200717,31.3,20,0,0
320200718,33.1,19.9,0,0
320200719,29.9,21.3,0,0
320200720,28.9,16.9,0,0
320200721,27.4,15.3,0,0
320200722,26.2,18.3,0,0
320200723,26.5,17.8,0,0
320200724,28.7,16.7,0,0
320200725,30.2,16.9,0,0
320200726,33.2,20.9,0,0
320200727,31.3,20.4,0,0
320200728,29.1,17.9,0,0
320200729,29.8,18.9,0,0
320200730,28,16.5,0,0
320200731,28.8,17.6,0,0
320200801,29.7,17.8,0,0
320200802,27.2,18.6,0,0
320200803,24.3,17.8,0,0
320200804,24.5,16.7,0,0
320200805,23.3,12.3,0,0
320200806,24.6,11.5,0,0
320200807,26.4,13.3,0,0
320200808,27.8,15.3,0,0
320200809,30,20.1,0,0
320200810,32.5,22.5,0,0
320200811,28.3,17.2,0,0
320200812,30,13.8,0,0
320200813,30.1,17.8,0,0
320200814,29.3,17.7,0,0
320200815,27.9,13.7,0,0
320200816,24.1,16.2,0,0
320200817,27.3,15,0,0
320200818,24,13.7,0,0
320200819,22.7,12.4,0,0
320200820,27.2,9.5,0,0
320200821,29.8,17.6,0,0
320200822,30.7,19,0,0
320200823,32.7,17.4,0,0
320200824,32.3,19.1,0,0
320200825,26.1,14.9,0,0
320200826,21.7,11.2,0,0
320200827,29.8,18.5,0,0
320200828,24.2,15.8,0,0
320200829,25.6,15.9,0,0
320200830,22.4,14,0,0
320200831,23.8,12.7,0,0
320200901,28,19.2,0,0
320200902,28,16.4,0,0
320200903,27.8,12.8,0,0
320200904,21.7,13.2,0,0
320200905,21.2,12,0,0
320200906,21.9,7.6,0,0
320200907,24.5,14.2,0,0
320200908,15.3,13.4,0,0
320200909,17.6,13.4,0,0
320200910,18.7,12.1,0,0
320200911,18.8,8.1,0,0
320200912,20.3,7.8,0,0
320200913,25.4,14.2,0,0
320200914,17,6,0,0
320200915,18.9,5.3,0,0
320200916,24.8,13.2,0,0
320200917,18.5,7.6,0,0
320200918,15.2,4.2,0,0
320200919,15.1,1.8,0,0
320200920,16.4,4.9,0,0
320200921,19.8,3.6,0,0
320200922,21.7,5.7,0,0
320200923,26.5,11.9,0,0
320200924,26.2,8.9,0,0
320200925,26.1,12.8,0,0
320200926,25.6,13.3,0,0
320200927,25.8,18.9,0,0
320200928,26.3,14.5,0,0
320200929,19,12.6,0,0
320200930,18.2,10.2,0,0
320201001,17.4,8.8,0,0
320201002,14.6,5.1,0,0
320201003,14,2.7,0,0
320201004,10.8,5.2,0,0
320201005,15.5,8,0,0
320201006,18.5,5.1,0,0
320201007,18.2,9.5,0,0
320201008,14,3.8,0,0
320201009,17.1,1.7,0,0
320201010,22.1,7.3,0,0
320201011,11.7,2.7,0,0
320201012,16,5.7,0,0
320201013,18.1,10.2,0,0
320201014,17.3,7.4,0,0
320201015,16.3,7.9,0,0
320201016,11.8,3,0,0
320201017,13.3,-0.3,0,0
320201018,13.1,6,0,0
320201019,7.6,5.5,0,0
320201020,10.7,5.4,0,0
320201021,16.5,5.6,0,0
320201022,11.9,7.7,0,0
320201023,24,8.2,0,0
320201024,8.2,1.5,0,0
320201025,6.9,0.8,0,0
320201026,7.7,2.5,0,0
320201027,5.5,1.7,0,0
320201028,11.2,1.8,0,0
320201029,10.1,1.6,0,0
320201030,2.4,-3.9,0,0
320201031,5.8,-6.5,0,0
320201101,11.1,-0.7,0,0
320201102,6.6,-2.9,0,0
320201103,6.6,2.8,0,0
320201104,17.9,0.3,0,0
320201105,17.7,10.2,0,0
320201106,20.6,4.1,0,0
320201107,21.4,7.8,0,0
320201108,21.9,3.6,0,0
320201109,20.9,6.5,0,0
320201110,23.6,6.6,0,0
320201111,17.9,5.3,0,0
320201112,10,0.7,0,0
320201113,8.4,0.9,0,0
320201114,8,2,0,0
320201115,12.2,3.8,0,0
320201116,4.3,2.2,0,0
320201117,3,-6.4,0,0
320201118,0.6,-6.7,0,0
320201119,14.7,0.6,0,0
320201120,17.3,5.8,0,0
320201121,5.8,0.7,0,0
320201122,1.1,-2,0,0
320201123,3.2,-1.4,0,0
320201124,1.1,-2.3,0,0
320201125,6.2,0.5,0,0
320201126,10.8,5.8,0,0
320201127,7.5,5,0,0
320201128,6.7,2.7,0,0
320201129,10.5,0,0,0
320201130,4.8,-0.8,0,0
320201201,-0.6,-2.5,0,0
320201202,3.7,-1.9,0,0
320201203,3.9,-0.8,0,0
320201204,3.2,-0.1,0,0
320201205,1.2,-4.6,0,0
320201206,0.1,-5.8,0,0
320201207,-1.5,-6.2,0,0
320201208,1.2,-8.3,0,0
320201209,3.8,-0.2,0,0
320201210,4.5,-1.6,0,0
320201211,7.9,-2.2,0,0
320201212,8.2,2.3,0,0
320201213,5.5,-1.3,0,0
320201214,1.5,-2.6,0,0
320201215,-2.7,-8.8,0,0
320201216,-7.1,-10.4,0,0
320201217,-2.6,-8.6,0,0
320201218,-1.4,-10.6,0,0
320201219,1.7,-5.6,0,0
320201220,4,0.6,0,0
320201221,3.5,-1.6,0,0
320201222,2.2,-0.3,0,0
320201223,6.2,0.3,0,0
320201224,9,-2.4,0,0
320201225,-1,-5.4,0,0
320201226,-2.8,-5,0,0
320201227,1.5,-3.2,0,0
320201228,4,-3.7,0,0
320201229,-1.6,-5.5,0,0
320201230,4.7,-4.8,0,0
320201231,1.3,-3.6,0,0
320210101,1.2,-5.8,0,0
320210102,0.8,-2,0,0
320210103,0.6,-1.9,0,0
320210104,0.3,-1.7,0,0
320210105,0,-1.3,0,0
320210106,0.7,-1.7,0,0
320210107,-0.9,-7.8,0,0
320210108,-3.6,-10,0,0
320210109,2.2,-5.1,0,0
320210110,0.9,-5.5,0,0
320210111,0,-6.1,0,0
320210112,-1.2,-2.1,0,0
320210113,2.5,-1.4,0,0
320210114,4.2,0.8,0,0
320210115,4.1,1.8,0,0
320210116,3.5,-1.2,0,0
320210117,2.1,-2.8,0,0
320210118,0,-4.1,0,0
320210119,0.7,-3.5,0,0
320210120,-2.3,-8.7,0,0
320210121,2.7,-2.2,0,0
320210122,1.1,-8.8,0,0
320210123,-5.8,-13,0,0
320210124,-3.2,-8.5,0,0
320210125,2,-4.9,0,0
320210126,-1.8,-5.6,0,0
320210127,-3.8,-10.8,0,0
320210128,-8.3,-14.7,0,0
320210129,-8.5,-14.4,0,0
320210130,-3.4,-15.2,0,0
320210131,-5.5,-13.4,0,0
320210201,-3.9,-12.4,0,0
320210202,-1.3,-10.3,0,0
320210203,-0.8,-8.5,0,0
320210204,4.8,-8.1,0,0
320210205,1.7,-8,0,0
320210206,-6.4,-9.3,0,0
320210207,-6.3,-13.3,0,0
320210208,-6.9,-13.8,0,0
320210209,-3.2,-11,0,0
320210210,-5.4,-11.5,0,0
320210211,-5.3,-12.3,0,0
320210212,-9,-15.1,0,0
320210213,-9.9,-14.1,0,0
320210214,-4,-14,0,0
320210215,-4.8,-10,0,0
320210216,-8,-13.8,0,0
320210217,-3.7,-18,0,0
320210218,-4,-8.8,0,0
320210219,-2.7,-7.1,0,0
320210220,-2.4,-11.4,0,0
320210221,-1.6,-12.6,0,0
320210222,2.6,-2,0,0
320210223,4.6,-0.8,0,0
320210224,7.7,-3.7,0,0
320210225,5.6,-4.8,0,0
320210226,3.4,-5.8,0,0
320210227,6.1,-2.4,0,0
320210228,5.2,-3.3,0,0
320210301,5.2,-13.4,0,0
320210302,-0.1,-14.9,0,0
320210303,6.5,-1.2,0,0
320210304,0,-9.1,0,0
320210305,0.6,-10.5,0,0
620200101,1.4,-1.9,17,0.3
620200102,5.2,-4.6,21,0
620200103,5.7,1.6,17,0
620200104,1.8,-2.8,14,2.2
620200105,-2.8,-13,17,0
620200106,-5.8,-11.1,16,3
620200107,-0.3,-6.8,17,0
620200108,-1.6,-14.9,17,0.7
620200109,-10.3,-18.1,15,0
620200110,3.9,-10.3,15,0
620200111,8.1,-2.1,12,39.2
620200112,-1.9,-11,13,9.8
620200113,-6.4,-11.1,13,0.4
620200114,-5.4,-9.3,13,0
620200115,0.2,-6,13,0.7
620200116,-1.4,-16.8,17,3.5
620200117,-15.5,-20.4,13,0
620200118,-13.4,-16.8,13,6.2
620200119,-9,-14.2,21,2.3
620200120,-10.1,-19.1,20,0
620200121,-3.9,-18.3,20,0
620200122,1.4,-7.7,20,0
620200123,2.3,-6.4,20,0
620200124,1.5,-5.1,21,0
620200125,0.4,-1.7,20,14.5
620200126,1.8,0.1,26,11.6
620200127,1.7,-1.3,25,0.2
620200128,-1.2,-8,25,2
620200129,-7.4,-15.4,25,0
620200130,-4.7,-16.1,25,0
620200131,-5.6,-16,25,0
620200201,-1.2,-12.4,25,0.2
620200202,-1.5,-7.1,27,2.2
620200203,3.8,-6.8,28,0
620200204,2.4,-5.9,27,0
620200205,-3.1,-11.5,26,0
620200206,-4.8,-9.7,26,4.7
620200207,-5.2,-14.7,35,7.6
620200208,-14.7,-25.1,36,0
620200209,-9.1,-26.3,35,2.2
620200210,0.5,-13.4,42,4
620200211,0.1,-9.2,41,0
620200212,1.6,-5.5,40,0
620200213,-0.3,-20,38,1.3
620200214,-15.7,-25.3,38,0
620200215,-3.3,-16.6,38,0
620200216,3.5,-5.3,38,0
620200217,-4.8,-15,35,0
620200218,4.6,-13.3,36,3.4
620200219,0.6,-12.8,39,0
620200220,-11.6,-19.5,39,0
620200221,-0.3,-21.1,38,0
620200222,3.8,-4,38,0
620200223,5.6,-8.3,37,0
620200224,9.6,-4.1,35,0
620200225,5.5,0.5,34,0
620200226,0.6,-1.5,33,4.9
620200227,1.1,-9.5,37,21.2
620200228,-8,-13.4,41,0
620200229,-8.8,-16,41,0
620200301,-3.5,-16,41,1.7
620200302,4,-7.1,41,2.7
620200303,5.4,-8.3,41,13.4
620200304,4.7,-0.4,38,0
620200305,2.8,-2.9,36,0.2
620200306,0.1,-5.4,39,5.1
620200307,0,-10.9,40,0
620200308,6.8,-2.8,39,0
620200309,12.1,2.5,36,2
620200310,7.1,-4.2,34,5.8
620200311,0.5,-7.2,30,0
620200312,2.5,-3.4,30,0
620200313,8.1,0.1,29,9.7
620200314,4.7,-3.3,21,0
620200315,-2,-8.8,21,0
620200316,-0.7,-9.7,19,0
620200317,6,-3.6,21,7
620200318,4.6,-4,17,0
620200319,3.8,-0.1,17,0.4
620200320,14.2,-5.8,13,6.7
620200321,-3.7,-10.9,11,0
620200322,-0.6,-8.9,11,0
620200323,0.4,-5.5,11,4.3
620200324,4.3,-3.3,10,0
620200325,4.9,-3.4,12,0
620200326,9.6,1.2,11,4.1
620200327,7.5,-1.9,9,0
620200328,6.8,-3.3,5,0
620200329,4.8,2.8,4,21
620200330,7.9,1.8,3,4.3
620200331,8.7,-0.5,4,0.5
620200401,7.7,-1,3,0
620200402,10.1,0.9,3,0
620200403,10.3,3.9,2,0.9
620200404,14.3,2.5,2,0.2
620200405,10.6,0.8,2,0.2
620200406,13.9,-1.9,2,0
620200407,12.5,0.8,3,0
620200408,8.2,1.8,0,0
620200409,7.2,0.9,0,11.3
620200410,5.2,0.4,0,0.3
620200411,8,-1.3,0,0
620200412,12,-1,0,0
620200413,15.6,3.1,0,20.1
620200414,7.3,-0.5,0,0
620200415,3.6,-2.4,0,0
620200416,5.2,-2.8,0,0
620200417,6.1,-1.2,0,0
620200418,10.8,-3.7,0,0
620200419,8.3,-0.9,0,7.2
620200420,6.3,-3.9,0,0
620200421,6.3,-4.3,0,4.3
620200422,2.8,-6.1,0,0
620200423,7.3,-4.9,0,0
620200424,9.9,-1.6,0,0
620200425,15.1,-1.7,0,0
620200426,13.4,5.8,0,0
620200427,13.1,2.4,0,0
620200428,15.3,-1.3,0,0
620200429,17,3.2,0,0
620200430,13.2,9.5,0,25
620200501,16.6,6.5,0,0
620200502,19.9,3.4,0,0.4
620200503,21.8,8.3,0,0
620200504,10.9,1,0,0
620200505,11.5,-0.8,0,0
620200506,14.9,2.3,0,0
620200507,13.5,1.9,0,0
620200508,5.6,-0.3,0,0
620200509,5.6,-2.7,0,0
620200510,12.5,1.6,0,0
620200511,10.3,1.7,0,0
620200512,8.5,-0.8,0,0
620200513,14.4,0.4,0,0
620200514,17.5,1.9,0,0
620200515,12.5,9.7,0,18.3
620200516,16.9,10.6,0,0
620200517,20.1,8.6,0,0
620200518,20.9,10.6,0,0
620200519,20,8.7,0,0
620200520,23.6,7.8,0,0
620200521,24.4,9,0,0
620200522,28.4,10.4,0,0
620200523,24.6,13,0,0
620200524,27.4,10.5,0,0
620200525,22.9,16.4,0,2.8
620200526,31.8,14.6,0,0
620200527,33.7,17.9,0,0
620200528,27.6,19.4,0,0
620200529,27.8,13.8,0,18.5
620200530,19.7,5.6,0,8.3
620200531,12.7,4.3,0,0
620200601,17.8,3.4,0,0
620200602,15.9,8.6,0,0
620200603,19.2,12.5,0,0
620200604,24.8,11,0,0
620200605,29,12.9,0,0
620200606,23.9,13.2,0,0
620200607,21.3,10.9,0,0
620200608,22.2,11.2,0,0
620200609,22.3,12.9,0,0.4
620200610,29.2,14.8,0,0.9
620200611,23.2,14.5,0,1.1
620200612,17.1,5.9,0,0.3
620200613,16.2,5.8,0,0.9
620200614,21,6.5,0,0
620200615,24,6.8,0,0
620200616,27.5,8.8,0,0
620200617,30.1,11.5,0,0
620200618,32.2,13.2,0,0
620200619,31.4,16.6,0,0
620200620,32.2,18.4,0,0
620200621,32.6,17.3,0,0
620200622,33.4,19.3,0,5.1
620200623,30.5,19.6,0,2.8
620200624,21.7,15.7,0,0.2
620200625,24.3,15.8,0,0
620200626,26.4,12.8,0,0
620200627,26.6,16.9,0,0
620200628,27.5,17.5,0,3.7
620200629,27.3,16.1,0,0
620200630,27.2,18.8,0,0
620200701,32.1,17.8,0,0
620200702,31.1,21.1,0,0
620200703,31.5,20.6,0,0
620200704,30.4,16.6,0,0
620200705,30,15.5,0,0
620200706,30.9,13.6,0,0
620200707,34.5,17.4,0,0.8
620200708,33.3,21.2,0,0.4
620200709,35.5,20.4,0,1
620200710,36.4,20.9,0,0
620200711,28.2,21.1,0,6.3
620200712,27.3,18.7,0,0.3
620200713,26.7,17.4,0,0
620200714,28.2,17.5,0,0
620200715,27.9,15.9,0,0
620200716,27.2,18.1,0,0
620200717,31.3,20.5,0,4.2
620200718,32.5,18,0,0
620200719,31.5,21.5,0,26.9
620200720,28.9,20.2,0,0
620200721,25.7,16.8,0,0
620200722,25.5,16.8,0,3.6
620200723,26.3,17.4,0,0
620200724,29.7,14,0,0
620200725,31.7,15.1,0,0
620200726,34.5,21.9,0,0
620200727,31.5,23.9,0,1
620200728,30,20.1,0,0
620200729,28.7,17.7,0,9.1
620200730,26.3,15.6,0,13.9
620200731,28.8,15.8,0,0
620200801,30,15.8,0,0
620200802,23.5,19.2,0,36.1
620200803,24.7,16.9,0,0.6
620200804,21,17.3,0,23.5
620200805,22.9,16.3,0,1
620200806,25.1,14,0,0
620200807,27.1,12.5,0,0
620200808,28.8,13.6,0,0
620200809,23.2,17.6,0,1.1
620200810,29.5,17.5,0,0.9
620200811,31.4,18.6,0,7.7
620200812,29.7,17.7,0,0
620200813,29.3,15.9,0,0
620200814,27.3,16.4,0,0
620200815,28,15.4,0,0
620200816,27.7,17.1,0,26.5
620200817,25.2,15.7,0,27.8
620200818,22.4,13.7,0,2.7
620200819,20.8,11.1,0,0
620200820,19.5,9.5,0,0.5
620200821,23.3,15.4,0,0.8
620200822,26.7,15.5,0,0
620200823,28.2,18.4,0,19.5
620200824,28.4,18.3,0,6.9
620200825,23.4,12.2,0,0.7
620200826,18.5,9.4,0,0.2
620200827,16.5,9.9,0,4
620200828,22.4,12.1,0,0
620200829,16.7,14.2,0,28.3
620200830,20.2,12.2,0,1.5
620200831,21.6,8,0,0
620200901,24.5,13.1,0,0
620200902,26.9,16.4,0,7.8
620200903,24.1,14.4,0,1.7
620200904,21.1,12.4,0,0.8
620200905,20.9,9.4,0,2.1
620200906,20.1,8.8,0,0
620200907,24.8,11.3,0,0.5
620200908,18.6,10,0,0.5
620200909,15.8,12.1,0,6
620200910,15.4,10.3,0,0
620200911,17.4,6.3,0,0
620200912,20.9,5.1,0,0.2
620200913,21.7,14.6,0,6.3
620200914,14.7,4.7,0,0
620200915,14.1,3,0,0.2
620200916,22.2,8.6,0,0
620200917,14.6,4.5,0,0
620200918,13.4,3,0,0
620200919,13.5,1.4,0,0
620200920,15.2,2.4,0,0
620200921,17.8,1,0,0
620200922,19.1,2.4,0,0
620200923,23.1,12,0,0
620200924,17,11.4,0,0
620200925,17.9,10.2,0,0
620200926,25.9,8.4,0,0
620200927,25.8,17.1,0,0
620200928,26.9,14.9,0,0
620200929,21.3,13.5,0,9.8
620200930,16.5,10.7,0,13.8
620201001,18.1,8.6,0,0.4
620201002,12.4,4.5,0,8.6
620201003,12.4,4.2,0,0
620201004,14,5.7,0,0.9
620201005,12.2,7.1,0,2.2
620201006,16,7.2,0,0
620201007,16.6,6.7,0,19.6
620201008,9.9,1.4,0,0
620201009,15,-0.4,0,0.2
620201010,22.8,6.5,0,0
620201011,10.6,2.5,0,0
620201012,13.4,1.6,0,0
620201013,12.2,7.6,0,13.6
620201014,16,3.7,0,0
620201015,17.9,8.7,0,4.4
620201016,10.5,1.8,0,3.9
620201017,13.9,-0.1,0,0.2
620201018,14,4.3,0,0
620201019,13.5,4.6,0,8.6
620201020,9.1,3.9,0,4.7
620201021,10.5,3.5,0,0
620201022,11.9,3,0,0
620201023,24.3,9.7,0,1
620201024,18.6,1.6,0,2
620201025,6.1,-0.5,0,0
620201026,3.3,0.4,0,5.9
620201027,3.1,-1.6,0,0
620201028,9.2,-0.8,0,0.2
620201029,6.8,-0.9,0,0
620201030,4.1,-5.2,0,0
620201031,6.1,-5.2,0,0
620201101,8.1,0.6,0,2
620201102,2.4,-2.1,0,2.8
620201103,0.5,-3.3,7,0.2
620201104,11.7,-1.8,3,0
620201105,19,-0.9,0,0
620201106,18.2,6.8,0,0.2
620201107,20.5,8.1,0,0
620201108,21.4,5.1,0,0
620201109,22,5.7,0,0.3
620201110,22.5,6.3,0,0
620201111,20,4.7,0,0.3
620201112,8.2,-1.8,0,0
620201113,6,-2.5,0,0
620201114,4.7,-4.4,0,0
620201115,9,-4.5,0,2.5
620201116,7.4,1.5,0,0.3
620201117,1.8,-7.6,0,0
620201118,-2.7,-7.9,0,0
620201119,8.4,-4.6,0,0
620201120,15,0.5,0,0
620201121,7.7,-5,0,0
620201122,-0.1,-5.9,0,12.7
620201123,1.4,-1.3,6,5.2
620201124,-0.5,-8.1,6,0
620201125,-0.3,-6.1,9,8.9
620201126,2.1,-0.3,12,3.4
620201127,4.3,1,6,0
620201128,4.8,1.2,4,0
620201129,7.4,0.6,2,0
620201130,5,0.4,0,12.8
620201201,5.6,0.5,0,3
620201202,0.5,-5.2,0,1.7
620201203,3.7,-5.2,2,0.2
620201204,3.5,0.2,0,5
620201205,1.3,-3.8,0,0
620201206,-0.8,-4.9,0,0
620201207,-2.5,-6.5,1,0
620201208,-4.7,-8.9,0,0
620201209,1.7,-5.8,1,3.7
620201210,2.1,-0.5,3,0
620201211,4.2,-0.7,4,0
620201212,3.2,0.4,1,4.1
620201213,6.9,-3.6,0,0.2
620201214,-0.9,-5,0,0.4
620201215,-5,-16,0,0.2
620201216,-12.3,-17.4,1,0
620201217,-5.2,-12.7,1,0
620201218,-4.3,-13.3,1,0
620201219,-3.6,-13.5,1,0
620201220,1.4,-4.1,1,2.7
620201221,3.4,0.3,2,0.5
620201222,1.7,-7.9,3,0.2
620201223,-3,-9.8,3,0.3
620201224,8.8,-3.1,2,21.5
620201225,5.5,-2.7,3,25
620201226,-2,-9.2,2,0.8
620201227,-3.3,-9.1,1,0
620201228,4.3,-6.8,1,1.9
620201229,-6.5,-11.2,3,0
620201230,3.6,-9.4,3,3.5
620201231,3.4,-4.5,4,0
620210101,-0.3,-6.2,4,2.7
620210102,0,-4.6,11,5.5
620210103,-1.9,-5.9,10,0
620210104,-0.6,-2.8,9,0.2
620210105,-1.2,-2.9,8,0.7
620210106,-1.7,-4.3,9,0
620210107,-2.1,-7.2,8,0
620210108,-4.1,-11.1,8,0
620210109,-1.5,-8.6,8,0
620210110,-6,-10.4,8,0
620210111,1.6,-6.1,8,0.4
620210112,1.2,-1.6,7,0
620210113,0.6,-2.1,9,4
620210114,0.9,-0.1,8,0.2
620210115,0.6,-1.4,9,0.2
620210116,0.6,-0.6,14,13.6
620210117,0.5,-7.1,22,0.9
620210118,-6.9,-14.3,22,0
620210119,-7.1,-15.6,21,0.7
620210120,-8.6,-16.2,21,0.2
620210121,-3.9,-14.1,23,4.2
620210122,-1.7,-12.8,26,0
620210123,-12.4,-17.1,25,0.2
620210124,-9.9,-19.1,24,0
620210125,-6.6,-18.9,23,0.2
620210126,-3.7,-6.7,23,4.3
620210127,-3.3,-7.7,30,0.2
620210128,-7.1,-17.7,28,0
620210129,-11,-19.5,25,0
620210130,-10.7,-19.7,25,0
620210131,-12.5,-20.7,25,0.2
620210201,-5.3,-22.6,25,0
620210202,1.4,-11.9,25,0.5
620210203,1.9,-4.2,26,0.5
620210204,1.2,-11,25,0
620210205,1.7,-9.6,25,2.1
620210206,-4.4,-11.1,28,0
620210207,-4.6,-13.6,30,1.3
620210208,-6.8,-20.3,32,0.2
620210209,-4.4,-13.3,32,1.1
620210210,-6.5,-14.1,30,0
620210211,-8.5,-19.8,31,0
620210212,-13.6,-21.7,31,0
620210213,-12,-23,31,0.3
620210214,-6.6,-14.3,31,1.1
620210215,-3.5,-11.5,31,2.8
620210216,-7.6,-14.5,41,12.2
620210217,-6.9,-18.5,42,0
620210218,-3.3,-19.8,41,0
620210219,-6.2,-10.5,40,1.8
620210220,-3.5,-14.7,42,0.2
620210221,-1.5,-16.2,41,0
620210222,0.2,-7.7,40,5.5
620210223,3,-0.3,46,0.7
620210224,2.2,-3.7,42,14.5
620210225,-2.1,-11.4,52,0.2
620210226,0.7,-15.4,51,0
620210227,3.3,-11.2,51,8.7
620210228,4.8,-12.5,56,1.1
620210301,4.5,-16.8,49,2.4
620210302,-7,-18.4,45,4.4
620210303,0,-7.1,49,0.2
620210304,-3.8,-12.6,50,0
620210305,-5.6,-15.3,47,0
